TIMESTAMP,TARGETVAR,U10,V10,U100,V100
20120101 1:00,0,2.12460013902668,-2.681966369,2.86427959225713,-3.666075765
20120101 2:00,0.0548791196734229,2.52169465408196,-1.796960091,3.34485867183801,-2.464761461
20120101 3:00,0.110233998070724,2.67220985488329,-0.82251622,3.50844801694858,-1.214092935
20120101 4:00,0.165116055637106,2.45750434785786,-0.143642299,3.21523251256354,-0.355546415
20120101 5:00,0.156940134185841,2.24589768320187,0.389576113004104,2.95767835330642,0.332700922366452
20120101 6:00,0.168781125506688,1.98603761593604,0.796304214825287,2.65540599936508,0.882647967088621
20120101 7:00,0.114744853861423,1.31978650650661,1.44068077823414,1.94670752158503,1.94132314588317
20120101 8:00,0.0854243022705468,-0.122060579,2.35890673375924,-0.235427168,4.32388465225841
20120101 9:00,0.153181090674978,-1.380190581,2.90362426488939,-3.048145009,6.04152004736207
20120101 10:00,0.139272624528741,-1.710881331,2.01393316048682,-4.213648336,4.87762817559306
20120101 11:00,0.0838267061741016,-2.134980044,1.42577451272237,-5.470852265,3.72132926104901
20120101 12:00,0.147824450015415,-2.340389024,0.61785492198437,-6.095208831,1.56492940916011
20120101 13:00,0.138708762688229,-2.21422187,0.098265095574062,-5.785577787,0.0984039565676574
20120101 14:00,0.222065590133385,-2.139406961,-0.226265599,-5.605006849,-0.861562778
20120101 15:00,0.241048768649564,-2.020322876,-0.455396195,-5.185561504,-1.845935447
20120101 16:00,0.245841549573121,-1.751608973,-1.251390773,-3.655519982,-4.639601352
20120101 17:00,0.239075272726724,-0.978669148,-2.614675228,-1.485272407,-7.574821673
20120101 18:00,0.253453619706413,-0.234061596,-3.575916406,0.0289196280396382,-8.864539693
20120101 19:00,0.302039274946328,0.24758704668064,-3.91194622,1.00592727392492,-9.025076503
20120101 20:00,0.516022917269729,0.371540741458209,-3.726682635,1.24593378716673,-8.7061723
20120101 21:00,0.735457174946228,0.431304130011679,-3.920464086,1.17517715000818,-8.187681792
20120101 22:00,0.618926787176083,0.522941325793667,-4.344653814,1.14291212346388,-7.909996499
20120101 23:00,0.815430868177201,1.03380762498407,-4.925572275,1.67670019418799,-7.585668755
20120102 0:00,0.760454833812776,1.46808824847263,-5.200273454,2.25464040649904,-7.688173678
20120102 1:00,0.439244421492916,2.7925368709901,-5.818453425,4.17629893810235,-8.510670134
20120102 2:00,0.20580771876763,3.69042858115455,-5.504235074,5.44032012034341,-8.013328954
20120102 3:00,0.190019729287579,3.89392367754397,-5.205664206,5.71488209845315,-7.581300609
20120102 4:00,0.803495886379011,3.76136810678831,-5.021700568,5.64909083200043,-7.419089223
20120102 5:00,0.755004215302918,3.59151861398519,-4.586108508,5.79984089922672,-7.160514637
20120102 6:00,0.376750293793242,2.89225757559527,-3.52588589,5.29008809458525,-6.348387005
20120102 7:00,0.567803765754787,2.57120555101276,-3.199826202,5.12276070037875,-6.386932285
20120102 8:00,0.274222340549345,3.20560759453754,-0.550326921,7.32961735461928,-1.311803773
20120102 9:00,0.154684707868872,2.90117568738923,0.764061549006269,7.02759917869857,1.81785880904289
20120102 10:00,0.0952917945117919,2.19988780540976,1.11972458100305,5.65427124668175,2.98492422629667
20120102 11:00,0.0874917749914293,1.78843855673395,1.98498803339951,4.44412637712638,5.08992478622412
20120102 12:00,0.0239521635684953,0.881223366057629,1.86868918227096,2.35590121908797,4.90844076033007
20120102 13:00,0.00195294224692232,0.676106794796584,1.92874167994461,1.64514832481145,4.56849280622174
20120102 14:00,0.0594868901551234,0.207500556895856,1.90505900480571,0.792970109734995,3.93731384890881
20120102 15:00,0.0238670004493282,-0.987121055,1.68430264011805,-0.827981644,2.97582325744652
20120102 16:00,0,-1.045899519,1.51218034044778,-0.978731711,2.51327989941567
20120102 17:00,0,-1.17845509,1.4144893054998,-1.011886365,2.55021912592508
20120102 18:00,0,-1.724081384,1.156517308,-1.658402117,2.62945109003221
20120102 19:00,0,-1.746782032,0.686247044978435,-1.841270756,2.09142322565605
20120102 20:00,0,-1.202777213,0.455340962374101,-2.494521047,2.09142322565605
20120102 21:00,0.030524622607683,-1.878932234,0.27095442022119,-3.803093796,1.52502175251178
20120102 22:00,0.0571374859878579,-1.447619918,-0.495349282,-2.6613304,-0.480938852
20120102 23:00,0.033643453785489,-1.28912075,0.019325996870313,-1.841788797,-0.05961753
20120103 0:00,0.0106104918944591,-0.819703774,0.437156051106727,-1.147095188,0.468238663677403
20120103 1:00,0.191617324331771,-1.849580064,-1.862143769,-2.350273653,-2.541779401
20120103 2:00,0.392726241078393,0.46384668557594,-1.697785765,0.725882070365383,-2.284869902
20120103 3:00,0.279485009672134,3.44700059656014,-1.315160332,4.58600837799841,-1.765584743
20120103 4:00,0.129217177639156,5.07984812507468,-1.653080388,6.99670616709769,-2.341171345
20120103 5:00,0.117658111451169,4.97597840334625,-1.635987156,7.14531726763522,-2.425896818
20120103 6:00,0.187388398935202,4.99613222995027,-1.424294046,7.38986717991217,-2.147669296
20120103 7:00,0.209096885654055,4.67173313634318,-1.035532581,7.2407857910818,-1.596680412
20120103 8:00,0.19039563858426,3.6217962849912,-0.652907148,6.80623940849738,-1.164853807
20120103 9:00,0.150831684403205,2.44434772300991,-0.253626771,5.99499210334789,-0.465185382
20120103 10:00,0.132882246456483,1.98003456394026,0.487079966901949,5.00174322886922,1.15990385619862
20120103 11:00,0.192181183015521,2.04979780987727,0.485326814860319,3.54573067423571,0.689267517666009
20120103 12:00,0.240390935272278,2.33427682386485,0.176333767523026,4.72286227121493,0.515990259460623
20120103 13:00,0.341979127901523,2.93734132763144,0.976209386516727,7.0376212485748,2.63850001848748
20120103 14:00,0.545343469912859,4.08029584023276,2.0842014768269,7.47357849603774,3.9050091896606
20120103 15:00,0.759890956188456,4.64886629461938,2.37478642772708,7.61184325413278,3.97770911187296
20120103 16:00,0.828305606381029,3.88185816290083,2.24505317664646,6.21508702439715,3.73774470697654
20120103 17:00,0.714500501559464,3.74116895026119,2.83279739860293,5.77348631742012,4.49918073435857
20120103 18:00,0.753124700387136,3.7760505732297,3.77336346893744,5.76831314619888,5.80504625439853
20120103 19:00,0.696926966595899,3.15283224285909,4.72926961963621,4.81268733514743,7.26560409012342
20120103 20:00,0.723146304896436,2.05909957600221,4.49653868610982,3.08861045359496,6.84416318767436
20120103 21:00,0.595996603134925,1.74477739569713,5.19122518260572,2.51438844803697,7.60669244696936
20120103 22:00,0.409078083980923,1.32115946342407,5.47479752533938,1.83435157658993,7.80839373491191
20120103 23:00,0.278921148883876,1.13977502398785,5.48443986156834,1.54888658283588,7.66135404261775
20120104 0:00,0.282398265157372,1.00373669441068,5.23023281553199,1.35230607642864,7.20055679130185
20120104 1:00,0.318861000786817,1.4005250180164,5.49835451303436,1.86554573110249,7.50714757819277
20120104 2:00,0.270087394055327,0.992355582271428,5.59664363675393,1.30890895876744,7.60809666689182
20120104 3:00,0.245653601238305,0.555289195323273,5.28425939206105,0.722895541486591,7.15321764070573
20120104 4:00,0.229583677155111,0.524786857942135,5.01031495317929,0.672246153649007,6.72631245837601
20120104 5:00,0.304012771921421,0.525990897575601,5.0015565164122,0.679337067946269,6.71232553644783
20120104 6:00,0.422610647144003,0.262306217846549,4.89353579628475,0.344544614339838,6.60043016102237
20120104 7:00,0.461234837553645,0.025913103142726,4.70522940579232,0.0274794464765611,6.39184258618035
20120104 8:00,0.404097346304517,-0.176766902,4.51643643547949,-0.268819472,6.23798644497035
20120104 9:00,0.31632364933699,-0.661192181,4.25319675264639,-1.011845992,6.28663660819881
20120104 10:00,0.298092276787124,-1.024009457,3.16715059352722,-2.031924663,5.99656000994913
20120104 11:00,0.0764965674871921,-1.284483365,2.82508497979031,-2.643262774,5.53195095111735
20120104 12:00,0.0758387351621609,-1.33384899,2.5073483570731,-2.86206813,5.11416767439296
20120104 13:00,0.0319518840477626,-1.352712277,2.07234599764096,-3.11936702,4.51941942892505
20120104 14:00,0.00714218403856961,-1.267225463,1.58625275706746,-3.252068416,3.80061326722457
20120104 15:00,0,-1.233512353,1.37361737555533,-3.349821735,3.40897945323548
20120104 16:00,0,-1.225084076,1.287979327,-3.393886702,3.22410883296734
20120104 17:00,0.00928895251073337,-1.114713776,1.32593255315672,-3.080873485,3.13228164987362
20120104 18:00,0.013896719835672,-1.246355443,1.38578187106517,-3.074795559,3.06477954839413
20120104 19:00,0,-1.425757348,1.46655412125056,-2.980587697,2.79355488839548
20120104 20:00,0,-0.86106276,1.01841410666778,-2.629587439,2.73395843844061
20120104 21:00,0,-1.27685778,1.72395484623893,-1.882002475,2.41286736113279
20120104 22:00,0,-1.089830291,2.15993036531186,-1.476300878,2.844029433
20120104 23:00,0.0194501235611802,-0.629887151,2.46696223198041,-0.833560147,3.21924381664449
20120105 0:00,0.0582651991463422,-0.248607933,2.50929467635467,-0.327066268,3.2520826768237
20120105 1:00,0.0730194543704581,0.973580215890912,3.12149236492309,1.27649839783774,4.07118685483121
20120105 2:00,0.0948219157828467,0.995973743272647,3.51662947883331,1.28535522933722,4.61288543470252
20120105 3:00,0.188140208058275,1.15879334861068,3.76909105806082,1.51445193745697,4.96604328908759
20120105 4:00,0.278075362962759,1.18631872601739,4.10030212071709,1.57704021338659,5.44052795473722
20120105 5:00,0.219246307237175,1.06082166631559,4.6987981947757,1.40580813773008,6.30291665076787
20120105 6:00,0.21182219385673,1.07761681185189,5.21808155315009,1.43769273112819,7.12201502916423
20120105 7:00,0.22526077811726,0.879340788159445,5.33203668799406,1.19914873607566,7.35783333838265
20120105 8:00,0.201296864029185,0.467393190699615,5.01564905751261,0.637035163575653,7.04340892609142
20120105 9:00,0.180622119984296,0.117027793539556,3.96225890858902,0.205412241834575,6.15994468068618
20120105 10:00,0.130344889745387,-0.044392216,2.35576944664222,-0.073873178,5.69115610946211
20120105 11:00,0.0825110415240392,-0.355102409,2.60081930978232,-0.865673914,6.20893109274604
20120105 12:00,0.00864580228471791,-0.640619883,2.12924887372066,-1.707663362,5.3266060662259
20120105 13:00,0.0303542879513174,-0.746522606,1.81980972707116,-2.023557019,4.75699662366933
20120105 14:00,0.0156940116297524,-0.859423307,1.69149439230782,-2.346536141,4.47390073071871
20120105 15:00,0.014754253119608,-1.002648576,1.53677481898307,-2.650030234,4.05466818099707
20120105 16:00,0.00582651833625333,-1.163135522,1.45848856780977,-2.867908288,3.53803241659826
20120105 17:00,0.0127807529877527,-1.176664945,1.37556999408184,-3.030283533,3.41955365254649
20120105 18:00,0.0118409913208465,-1.410863918,1.21992395624616,-3.64730946,3.25379730476253
20120105 19:00,0.0163518471115453,-1.575083119,0.934572886880753,-4.117311985,2.62551808962262
20120105 20:00,0.043698901727328,-1.785955502,0.80579431986195,-4.596171342,2.16869131669225
20120105 21:00,0.0333615265481219,-2.782000939,1.1675787113788,-4.087198758,1.68110563386382
20120105 22:00,0.0282868152304348,-3.143096568,1.19074032415197,-4.307438635,1.56148765092694
20120105 23:00,0.0773423534083091,-3.096443386,0.978579951149769,-4.15805341,1.24364558198037
20120106 0:00,0.0833568274451562,-2.813725103,0.40834104467442,-3.7222973,0.461002207907637
20120106 1:00,0.0683206449836733,-2.588941929,0.099536236520016,-3.395313992,0.00666817310060774
20120106 2:00,0.00939467772384913,-2.342081664,-0.071169092,-3.041540101,-0.246612312
20120106 3:00,0,-1.936100626,-0.29443623,-2.482884983,-0.548761032
20120106 4:00,0.2160511192533,-1.10034479,-0.325780428,-1.357576381,-0.607760486
20120106 5:00,0.357391211241654,-0.803418487,-0.240427764,-0.959503847,-0.483206083
20120106 6:00,0.491777075944286,-0.827212248,-0.323369336,-0.998880419,-0.596437358
20120106 7:00,0.337468284737871,-0.27301591,-0.36532234,-0.296254709,-0.607164532
20120106 8:00,0.188892018233604,-0.340431565,-0.439101762,-0.409462354,-0.735890614
20120106 9:00,0.274786200285349,-0.733524316,-0.652724531,-0.5571245,-1.237683951
20120106 10:00,0.41528050740484,-1.021032255,-1.055376929,-0.9287409,-1.653659901
20120106 11:00,0.289916357440367,-1.277310883,-0.968095392,-1.625829279,-2.257361386
20120106 12:00,0.252325904443421,-1.307053084,-0.799318937,-1.611678324,-2.560702014
20120106 13:00,0.276101865987666,-1.43841447,-1.035605973,-1.622137726,-3.545218159
20120106 14:00,0.203176389467504,-1.373477332,-1.673098752,-1.515697929,-5.05774962
20120106 15:00,0.139742500100925,-0.79945286,-2.272496274,-0.956427552,-6.317596551
20120106 16:00,0.161450988924286,-0.417761286,-2.588831571,-0.451915221,-7.228214389
20120106 17:00,0.233436700620778,-0.43164098,-2.797632156,-0.444532114,-7.735371313
20120106 18:00,0.307771814380029,-0.4197441,-3.072014449,-0.508519044,-8.126913145
20120106 19:00,0.334930919608742,-0.549618376,-3.275510631,-0.842604648,-8.368870503
20120106 20:00,0.430692596006241,-0.620503954,-3.45200258,-1.006263526,-8.469586743
20120106 21:00,0.234564419040532,-0.865381405,-4.03982686,-1.406797096,-8.11737788
20120106 22:00,0.178366693667327,-0.753848153,-4.544709567,-1.064097867,-7.564928445
20120106 23:00,0.0996146956541508,-0.617529734,-4.594378067,-0.903515283,-7.435010455
20120107 0:00,0.0617423164720919,-0.43015387,-5.313365762,-0.338092317,-7.918329216
20120107 1:00,0.11371111434422,-1.868353561,-4.659677993,-2.547139722,-6.990839065
20120107 2:00,0.0863640597284372,-1.436902551,-5.422711539,-1.959126797,-8.389123234
20120107 3:00,0.0323277891354266,-2.191941819,-4.535526454,-3.622875044,-8.855597204
20120107 4:00,0.0109893348750818,-1.309471777,-4.10054296,-2.483861174,-7.76393434
20120107 5:00,0.00985281119448336,-0.637477282,-3.390976135,-0.189118346,-6.905508461
20120107 6:00,0,1.90493370501345,-3.443083533,4.48453971767095,-7.038624204
20120107 7:00,0.0108806749257692,3.47896626305861,-5.33571484,5.72205321451495,-8.28729538
20120107 8:00,0.0657832914293376,0.915078178820102,-4.619351398,2.01787026810056,-7.6734839
20120107 9:00,0.0283807909762239,0.581944544643171,-4.31123809,1.37553330591815,-7.170602205
20120107 10:00,0.0180404810608209,0.97425951211228,-4.256865153,2.02861568196607,-7.444229009
20120107 11:00,0.00986749224124514,1.75650310296613,-3.5862656,3.52640698133008,-6.322415998
20120107 12:00,0.0632459357704941,2.51106510244139,-3.093737414,4.74481752019096,-5.461145765
20120107 13:00,0.0771544019167311,2.55449656477678,-2.692283898,4.83197476598895,-4.830837035
20120107 14:00,0.113147257764978,2.5645192099311,-1.919735088,4.75377203174555,-3.660101144
20120107 15:00,0.224039089212987,3.34676280078495,-1.352444115,5.95845231955607,-2.533168297
20120107 16:00,0.252701808478831,3.4894661770298,-1.73758575,6.13455771346295,-2.896676671
20120107 17:00,0.216145092894581,3.42933030610388,-1.284931051,6.14530312732846,-2.035975309
20120107 18:00,0.264824735455077,3.44555744587754,-1.028018925,6.29514195400856,-1.617286477
20120107 19:00,0.26651629887928,3.64219219842897,-1.281759297,6.23007250337855,-1.9876213
20120107 20:00,0.285969359281165,3.83309972517792,-1.72716427,6.47065038047847,-2.595744073
20120107 21:00,0.324405595042466,3.94287155305857,-2.086478761,6.59481960736876,-3.103745604
20120107 22:00,0.5980640874306,4.52895766017787,-2.494728894,6.73212211787243,-3.53438072
20120107 23:00,0.676158243648461,5.28304239083626,-2.423590969,7.51773126492825,-3.350066615
20120108 0:00,0.561695321233421,6.82652974460158,-2.352906151,9.68412609370147,-3.333000494
20120108 1:00,0.719857130644233,8.8414964200616,-3.075946008,12.707148092545,-4.392906012
20120108 2:00,0.871910500794949,7.60446774098233,-1.78294331,11.029032773254,-2.517780292
20120108 3:00,0.935156435513189,6.77670148507764,-0.324452218,9.77138723277919,-0.340156155
20120108 4:00,0.966732419734558,6.69528906756442,-0.89817855,9.4987808672295,-1.183264189
20120108 5:00,0.984587884039997,7.20004605614639,-1.360250061,10.2391733038408,-1.927361697
20120108 6:00,0.973874606929889,7.64231351344794,-0.476482219,10.99354555,-0.745309656
20120108 7:00,0.964758930125242,7.66651720514106,-0.166939168,11.3946586678768,-0.262405559
20120108 8:00,0.943332364330232,6.7089311483369,-0.727207106,10.0676517444515,-1.056919469
20120108 9:00,0.717319782351167,6.03298804941632,-0.691816516,9.58588585977201,-1.072712559
20120108 10:00,0.676064276320703,5.20830226336347,-0.37928271,8.78419731729749,-0.604386699
20120108 11:00,0.804623591119463,4.74887218831589,-0.483959105,8.56052029941057,-0.764747305
20120108 12:00,0.687341404748783,4.38405654443232,-0.71524409,7.99057405191024,-1.111587858
20120108 13:00,0.712808940239769,4.64853688456987,-0.94403678,8.11961848530654,-1.505200254
20120108 14:00,0.830561007443902,3.93166754333183,-1.19326629,7.41901474899246,-1.947406773
20120108 15:00,0.896814187072471,3.92594667074982,-1.44748039,7.3061008697707,-2.342841449
20120108 16:00,0.912414227165449,4.00383855128949,-1.454458816,7.62279741673079,-2.405406382
20120108 17:00,0.817780264978689,4.13013781521541,-1.607984194,7.63408880465296,-2.589456623
20120108 18:00,0.865144219739535,4.04344459224187,-1.401123701,7.77711305166719,-2.301536444
20120108 19:00,0.692604048617478,4.10197351942705,-1.152891109,7.60505380713879,-1.739666897
20120108 20:00,0.652664206184822,3.89910257632654,-1.004350321,7.22921189487207,-1.410441714
20120108 21:00,0.723522206827338,5.59556133045339,-0.293547759,8.19381903450942,-0.601349566
20120108 22:00,0.756225891580144,6.2252973815962,0.598693886453432,9.10089386425758,0.714336313361744
20120108 23:00,0.853961087050069,6.21957650901419,0.868360216177041,9.05734136798633,1.35760101636013
20120109 0:00,0.504557831036546,6.38812221662264,0.35544588478038,9.09551701286606,0.745315066763932
20120109 1:00,0.725589689018507,6.47484617397866,-0.024236903,9.11096869750092,0.012476433060726
20120109 2:00,0.783291024219829,6.63707888833447,-0.368689598,9.40475298184593,-0.401457874
20120109 3:00,0.746828297008415,6.434911967,-0.606890745,9.15793421234519,-0.777926594
20120109 4:00,0.776712686237962,6.55097075533023,-0.849539631,9.27734653200243,-1.203946574
20120109 5:00,0.675594392330488,7.32594395236836,-0.269850948,10.3425643793214,-0.429859206
20120109 6:00,0.823888708447801,7.02477347751296,0.00837985191515772,9.9553486984245,-0.000817807
20120109 7:00,0.85189361012017,7.4066443282274,0.684930412182812,10.6673259181382,1.02465156348063
20120109 8:00,0.752466852278297,6.89207543679629,0.526788571944938,10.24013959,0.946698971346803
20120109 9:00,0.671741361499042,6.53391552125693,0.801560019358244,10.4539825687924,1.36848896599343
20120109 10:00,0.72314630594869,5.40951801637552,0.485276338882496,8.84816166762767,0.932800447167903
20120109 11:00,0.818062191163802,4.77140267324268,-0.41909731,7.93832972580409,-0.533795996
20120109 12:00,0.617329180557098,4.72231687761708,-0.4418302,7.60657332307436,-0.651631309
20120109 13:00,0.611126764498958,4.97398557552801,0.42547895554255,7.84789612807204,0.875997783132397
20120109 14:00,0.467343283127265,5.00060837993512,0.92313155904111,7.87537595058731,1.50989134242224
20120109 15:00,0.549102507110198,4.78055426225762,1.13662304336224,7.62456011599344,1.87064868741369
20120109 16:00,0.636970194555069,4.05924265535257,1.40447578526514,6.85262691988283,2.51179365062296
20120109 17:00,0.627384625342175,3.5463376891969,1.45735446309468,5.78740907256385,2.66830311855058
20120109 18:00,0.656235300308614,3.33834702976638,1.3698822577131,5.63552059902494,2.59155909373665
20120109 19:00,0.537637438765333,2.99557842302488,1.29674165660309,5.66649785349669,2.76680135512278
20120109 20:00,0.468564973083792,3.14408375385827,1.07484888701932,5.59155288300051,2.30935862453898
20120109 21:00,0.405694941348708,3.62994993428797,0.925108332044083,5.53809213737991,1.73589343124436
20120109 22:00,0.612724344811595,4.7722346358804,1.80081877236131,6.7806797482065,2.7589456675434
20120109 23:00,0.583215850147172,4.56757182700077,1.43808092631569,6.47190646976226,2.22898889776534
20120110 0:00,0.51498918406605,4.81424874908537,1.26115974254957,6.75619772451108,1.90448857237101
20120110 1:00,0.452213134390278,5.5233440019202,1.09458886095422,7.92414910898847,1.71165998327685
20120110 2:00,0.572408593082258,6.60305391347474,0.835383758706747,9.29194876259712,1.30162924812716
20120110 3:00,0.80951037199065,6.80803105090893,0.710048882576685,9.77689591251292,1.16731824833112
20120110 4:00,0.626538844682328,6.80107573886026,0.0914606229670254,9.8231524098895,0.277371379763873
20120110 5:00,0.672869071500765,6.58791588136882,-0.148876864,9.67045623037755,0.0120252582156022
20120110 6:00,0.885443066062538,7.34849971069049,0.868177471816046,10.682627974048,1.2688704676891
20120110 7:00,0.942392610029103,7.17707172549104,2.00607439381406,10.673675103588,3.41184068801207
20120110 8:00,0.862606883021263,6.38089306392032,1.09189348727401,9.76147708005406,1.8323214912237
20120110 9:00,0.920214242476797,5.72995768336584,0.423440814580343,9.00545690787764,0.808063622860416
20120110 10:00,0.972558937018558,5.18417025554706,-0.104403198,8.90548318774115,0.0300425874565344
20120110 11:00,0.965510731882538,4.85481577324263,-0.853267852,8.53393906365182,-1.261199341
20120110 12:00,0.990226475086513,5.76718905962634,-1.179857296,9.70726247560193,-1.942035995
20120110 13:00,0.991542144997844,5.81055747592978,-1.449394664,9.90422562572158,-2.039766357
20120110 14:00,0.998308430262274,5.79091894779238,-1.081476157,9.89577013695382,-1.533643199
20120110 15:00,0.99342166622715,6.29374709531058,0.2024201728026,10.3672879811796,0.575476281750203
20120110 16:00,0.996334922764641,6.83094266706924,1.41443987100657,11.0183606162974,2.51752598205308
20120110 17:00,0.982896315354525,6.92217999570761,1.96070227019709,11.3356901359346,3.26879401343255
20120110 18:00,0.987031281841369,6.48685928866175,2.49483548782663,10.6851148825091,4.24118381276891
20120110 19:00,0.990602370703891,6.58259711333161,4.17674866428165,10.2101153664377,6.42510250863946
20120110 20:00,0.990508394958103,5.80032907585822,4.64080216622557,9.2143572186106,7.58913117353846
20120110 21:00,0.983836081230447,5.73936781143168,5.56261996485958,9.11338873508967,8.95571829747945
20120110 22:00,0.979701124213889,5.29463697631998,5.93233538799592,8.12608607603033,9.23744380924675
20120110 23:00,0.971901109954796,4.52096079490671,6.48893005296061,6.6936268024329,9.79816493441151
20120111 0:00,0.912790126991844,4.59706009143916,7.28271760178433,6.6234959838297,10.6946635590664
20120111 1:00,0.922845549679589,4.09356563234221,7.60227723680681,5.77392705495013,10.998419353778
20120111 2:00,0.79729347558214,3.78086845308655,7.1036768135972,5.32511179171366,10.1421106559788
20120111 3:00,0.800394694133749,3.53056644339401,6.78341091419349,4.93919356236418,9.66261708796267
20120111 4:00,0.694859493875017,3.39603812982727,6.58462518352912,4.74960393164768,9.3968322311013
20120111 5:00,0.652194330612639,3.17711403777631,6.25495172897052,4.42253935543531,8.86968407691968
20120111 6:00,0.44497696934465,2.90336875628259,6.18909884288623,4.06672184944604,8.78321802367088
20120111 7:00,0.356921329355947,2.4741765494611,6.05084868452294,3.47908384713042,8.71885976812774
20120111 8:00,0.37073582396541,2.06554228868063,5.91505267098267,2.93098112325805,8.6545015125846
20120111 9:00,0.236819841148486,1.59884084697725,5.22952821708662,2.40579089030166,8.1283359271899
20120111 10:00,0.184381162442904,0.867410766780617,3.8102144611085,1.53062359021693,7.24304145017661
20120111 11:00,0.0941640803010536,0.499892398082209,3.34965328265566,0.926362800374035,7.01508549161158
20120111 12:00,0.201484819729778,0.481498446361288,2.79256240783082,0.956014259206475,6.46877724608506
20120111 13:00,0.152147350105521,0.594386816726942,2.2150203261475,1.26735457694709,5.79670019583302
20120111 14:00,0.0932243175818936,0.740456433334259,1.86530468886759,1.66180883232409,5.2720084636187
20120111 15:00,0.137393098038166,0.857312126620112,1.65752042718549,1.92328078748287,4.81216627134098
20120111 16:00,0.118691848863864,1.11374545355296,1.58348705835782,2.250794628,4.421595179
20120111 17:00,0.142843713391264,1.29516031072204,1.41087887247229,2.74723193140248,4.19462178876289
20120111 18:00,0.132788268606187,1.2702743760408,1.40188034145457,2.75172457668012,4.13075481761321
20120111 19:00,0.0641856953328924,1.26197906448038,1.4309210551936,2.81821572678923,4.21672958646855
20120111 20:00,0.0273470525112748,1.31319359672295,1.586350227,2.91795245195289,4.34986765709597
20120111 21:00,0.0412555207620196,1.5977588498172,2.37944802928964,2.46329674985548,4.31203875879962
20120111 22:00,0.12038341860159,1.8354375593091,4.47937794951778,2.66007461301622,6.58422907854795
20120111 23:00,0.0982050531537916,1.66953132810079,4.38039410832276,2.39950118691296,6.41817495355878
20120112 0:00,0.096043603634866,1.74563179502461,4.31454122223848,2.42690632310658,6.07034560298974
20120112 1:00,0.0657832903770837,1.56868734387828,2.97564666841998,2.05051084927098,4.10770256038755
20120112 2:00,0.0694483591944114,1.88416994571387,2.9646006680753,2.47730952700576,4.0327393330377
20120112 3:00,0.148012403611501,2.13940784731194,3.05426820028511,2.86575430057629,4.18022133467164
20120112 4:00,0.21191616960252,2.25775838268981,3.33821538561618,3.05083418695031,4.52814848769756
20120112 5:00,0.190019730339834,2.24492519210667,3.60331939388867,3.06465943147463,4.89481644756094
20120112 6:00,0.153181087518217,2.17790741906137,3.61469027659644,2.98438381810759,5.01948355391449
20120112 7:00,0.187012497004299,2.39464574891001,3.61469027659644,3.32020346735972,5.1184839030776
20120112 8:00,0.191805277927857,2.27843407862932,3.92072946261689,3.28095761193583,5.738560164
20120112 9:00,0.188704063585263,1.56547904623249,4.30051694505628,2.25298378520786,6.52037773628858
20120112 10:00,0.19518841740331,1.01507776122214,3.71670333860326,1.58179046233341,6.05470942726209
20120112 11:00,0.14415937909358,1.01400832867354,2.50456724195539,1.96845133338467,5.2125953461092
20120112 12:00,0.166995577918664,1.36371277206419,2.00977140298602,2.82740039641204,4.59537094700584
20120112 13:00,0.153087111772427,1.05999392826314,1.73557068854732,2.38900635230202,4.11911000802774
20120112 14:00,0.199417341747626,0.889954153036494,1.83173586801871,1.67232351518624,4.04455418952219
20120112 15:00,0.155718447386075,1.20543675487209,2.47890153527214,2.00412938377002,4.59170426740721
20120112 16:00,0.192839014288298,1.10669248288513,2.36519270819448,1.75661290922164,4.33707373972431
20120112 17:00,0.148670232779772,1.30525045940765,2.1186069946175,2.09377048536322,3.97692432136961
20120112 18:00,0.0928484145987374,1.40256882132982,1.73719510036271,2.41576489009103,3.51981159807327
20120112 19:00,0.0861761071846052,1.48883638024983,2.74692948481235,2.25342976083768,4.46988902296371
20120112 20:00,0.0260313878612124,1.23894564139474,3.45354862450924,1.82707705873271,5.47415182414507
20120112 21:00,0.160041346423927,1.09314633726959,4.01754440681444,1.53094924053428,5.86241245275596
20120112 22:00,0.0937881783701514,0.988698425023455,4.24496206096976,1.33828776845338,6.00296850403693
20120112 23:00,0.115778590221864,0.93130554491551,4.20110294195409,1.26514776516341,5.89826443105372
20120113 0:00,0.187764302970612,0.954833060984605,3.78135492885598,1.28655459539462,5.2288916998809
20120113 1:00,0.214077620173699,1.4207959149279,4.07111714668571,1.92976365937759,5.57295255969671
20120113 2:00,0.231275253206361,1.32987197222973,4.15506159327336,1.77135769116994,5.58545058477171
20120113 3:00,0.231087301714783,1.12975988873681,4.32020464006494,1.49473831385209,5.80753087648902
20120113 4:00,0.274786199233096,0.944735621062803,4.25391206308685,1.2304131310817,5.68879963827652
20120113 5:00,0.382482840592722,0.796636797366654,4.30804446322281,1.02377609195709,5.7724402676246
20120113 6:00,0.350906860580369,0.60168633507494,4.43003849541326,0.764652299187551,5.98586808044383
20120113 7:00,0.417723886265641,0.362266520895911,4.5794909914408,0.424197680950201,6.2752454302573
20120113 8:00,0.435203440222146,-0.038751742,4.77326929337676,-0.126203952,6.70498521552846
20120113 9:00,0.352504455624561,-0.37068369,4.41670152726382,-0.639250147,6.78381891215539
20120113 10:00,0.20411615113441,-0.384580362,3.52077107863681,-0.830283017,6.76074563509385
20120113 11:00,0.119913540924899,-0.431432001,3.28815866355983,-0.944240743,6.61749904000346
20120113 12:00,0.0970773399953073,-0.452078486,2.9704250105879,-1.016114496,6.13199883516691
20120113 13:00,0.0372145489615357,-0.482651165,2.82450288848227,-1.131963637,5.82435514101306
20120113 14:00,0.0195470350954201,-0.853096748,3.42937362043624,-1.764641802,6.30168356022365
20120113 15:00,0.0990508411794165,-1.083781511,3.73180898641322,-1.922574917,6.11853942354768
20120113 16:00,0.0864580375787341,-0.753437754,3.22265061411994,-1.384940332,5.50565550160055
20120113 17:00,0.101494216883455,-0.777260621,3.72906314002952,-1.231735754,5.6412110043371
20120113 18:00,0.0785640423125824,-0.835626646,3.56745046715984,-1.315903701,5.36481237287074
20120113 19:00,0.0873978013501481,-0.88684581,3.12929183707386,-1.520649326,5.10860285883324
20120113 20:00,0.0484916805463782,-1.379582111,3.71925654580199,-2.106042128,5.54507234991402
20120113 21:00,0.0730194501614424,-1.820305152,4.12956444828178,-2.64982381,5.94837400521883
20120113 22:00,0.0796917565233207,-1.783776755,3.98403458994526,-2.50040206,5.58064365205056
20120113 23:00,0.141622022382482,-1.589620389,3.98089647979245,-2.214798464,5.47633321200152
20120114 0:00,0.181655855292483,-1.474079483,4.06052602491998,-2.043152594,5.52296045939671
20120114 1:00,0.227798135880612,-1.715391849,4.21850663738511,-2.339624173,5.70619652327407
20120114 2:00,0.257400612604347,-1.672584902,4.32885043742177,-2.283350337,5.81342182462409
20120114 3:00,0.31651159872406,-1.568242969,4.47690165114003,-2.175436981,5.9854929034572
20120114 4:00,0.29508504345159,-1.485839597,4.48126777272421,-2.070171806,5.9854929034572
20120114 5:00,0.307583867097467,-1.354208236,4.61939598284205,-1.907308705,6.19330574940699
20120114 6:00,0.338971894565988,-1.369190667,4.75037963036759,-1.943721187,6.42205305895368
20120114 7:00,0.383798505242785,-1.510988678,4.92105529229481,-2.165506304,6.74832433306157
20120114 8:00,0.404849162793369,-1.71860237,4.98734095634561,-2.534927485,7.03017369661018
20120114 9:00,0.418475700649985,-1.79297944,4.50389222093317,-2.889783672,6.91835302520231
20120114 10:00,0.359364714530271,-1.641549866,3.65567387316931,-3.256556672,6.77385416671634
20120114 11:00,0.280142838840404,-1.876452986,3.47944132922586,-3.732567117,6.54408566382346
20120114 12:00,0.255521090322788,-2.129549058,3.1845296622214,-4.233073232,6.04319032751697
20120114 13:00,0.194248657840912,-2.289004935,2.80983704626956,-4.623679856,5.4100504528788
20120114 14:00,0.291044068494344,-2.286864587,2.39267397490792,-4.927558569,4.87290275278255
20120114 15:00,0.182031758275639,-2.196434912,2.19262622232347,-4.896442448,4.61505143286942
20120114 16:00,0.177896812833874,-2.11403154,2.18111553814698,-4.771977964,4.72125554087325
20120114 17:00,0.218870403201765,-2.106005237,2.21961679211661,-4.785218867,4.88413587959065
20120114 18:00,0.161826890855188,-2.150417445,2.17158945469058,-4.909021305,4.82541726218469
20120114 19:00,0.115778591274118,-2.186268263,2.04060580716504,-5.028851473,4.56858713561775
20120114 20:00,0.0988628875833306,-2.493408105,2.03306432442872,-5.219520469,4.13560115683294
20120114 21:00,0.211634240260644,-4.479650433,3.05830905642406,-6.509846419,4.42868364718964
20120114 22:00,0.397143119018795,-3.868581268,2.61971229728552,-5.453884444,3.65615088079646
20120114 23:00,0.407856397181157,-3.484924009,2.50262085480057,-4.80243204,3.39319359415238
20120115 0:00,0.292077803802532,-3.21095955,2.33234211301737,-4.360847941,3.08275081691044
20120115 1:00,0.211352311971024,-3.195887529,2.17626564217449,-4.313077342,2.8242577090067
20120115 2:00,0.191241423453123,-3.023094759,1.95470642130707,-4.053896671,2.4858501851636
20120115 3:00,0.266986179712733,-2.797712885,2.00817060957365,-3.736651083,2.54880972448325
20120115 4:00,0.293581423100934,-2.681682958,2.03943356711936,-3.577764358,2.58647302032625
20120115 5:00,0.386241887260347,-2.642032443,1.99503110567763,-3.535007465,2.53250770090941
20120115 6:00,0.46085893246598,-2.663318509,1.91211630523031,-3.583042987,2.42570133956358
20120115 7:00,0.448736011803259,-2.721333472,1.85955828964622,-3.702339997,2.38972445995235
20120115 8:00,0.469786660935811,-2.929603019,1.67741758046687,-4.21172767,2.25818399387381
20120115 9:00,0.558970015135252,-2.051448458,1.26012506018284,-4.596011843,2.52463775849445
20120115 10:00,0.614227972528029,-1.873647202,1.42323614303002,-5.118068225,3.33186899477135
20120115 11:00,0.671647386805507,-1.997189859,1.47851267666156,-5.468569174,3.46116090587419
20120115 12:00,0.667230510969614,-2.165391516,1.18400655485416,-5.797955608,2.68428516176927
20120115 13:00,0.723616186782143,-2.161635152,0.817006618448007,-5.71033037,1.76518831545122
20120115 14:00,0.599285773178112,-2.123654132,0.594541224898106,-5.51554897,1.14908425210897
20120115 15:00,0.593271290723233,-2.048944215,0.403791875235156,-5.310210312,0.599312560549915
20120115 16:00,0.411333512402399,-1.952948231,0.15731290559942,-5.132320523,-0.42996348
20120115 17:00,0.395827454368733,-2.005119962,-0.236419125,-5.245811041,-1.878595023
20120115 18:00,0.270839204230654,-2.078577758,-0.951842458,-5.210972091,-3.843269933
20120115 19:00,0.20496193495102,-2.079829879,-1.850312672,-4.956014323,-5.669658712
20120115 20:00,0.142561785101643,-2.075238767,-2.5825002,-4.587038174,-6.643283016
20120115 21:00,0.221595708247678,-2.374913185,-3.594695086,-4.138354731,-6.911423197
20120115 22:00,0.24687528803807,-2.409555213,-4.471417157,-3.54503686,-6.936719441
20120115 23:00,0.147354567077455,-1.870308211,-5.261146649,-2.605968807,-7.629836512
20120116 0:00,0.32299594833309,-1.115278933,-5.568792275,-1.497984633,-7.88560964
20120116 1:00,0.360022547907556,-0.44565309,-6.499931551,-0.557082293,-9.215768127
20120116 2:00,0.45841554834391,0.0475250729352794,-6.800726727,0.138639166152379,-9.642078268
20120116 3:00,0.411051578851508,0.248709654157908,-6.745445451,0.431308936743866,-9.602132157
20120116 4:00,0.243210216063981,0.477488130560697,-6.620791595,0.73911679891767,-9.440383148
20120116 5:00,0.399586501036357,0.385675715688525,-6.678782737,0.582689852567048,-9.673511274
20120116 6:00,0.642232858416588,0.0635797028582822,-6.488550112,0.21748339314362,-9.517001099
20120116 7:00,0.674748601148101,0.117764078848417,-5.777481155,0.278666513288823,-8.942039035
20120116 8:00,0.391222620727736,-0.691991318,-4.225269652,-1.090700021,-7.858255188
20120116 9:00,0.182125735073682,-1.416456493,-3.365700014,-2.793735324,-7.546544547
20120116 10:00,0.0418105657668936,-1.681859594,-3.159208191,-3.49387206,-7.632985313
20120116 11:00,0,-1.708450075,-3.268686795,-3.604884731,-7.949934789
20120116 12:00,0.0264043550559178,-1.592555715,-3.527750028,-3.34186039,-8.352670176
20120116 13:00,0.154308802781209,-1.615634246,-3.805782326,-3.276892747,-8.649974022
20120116 14:00,0.240484907861306,-1.424985515,-4.121752754,-2.792473816,-9.027170092
20120116 15:00,0.274316318399643,-1.657777649,-4.529316668,-3.157680276,-9.431215188
20120116 16:00,0.361808092338818,-1.550914019,-4.96126938,-2.848610906,-9.86996756
20120116 17:00,0.344140578472702,-1.448064046,-4.984032259,-2.612078225,-9.86538358
20120116 18:00,0.816652560238236,-1.447562339,-4.945010182,-2.56161792,-9.759297186
20120116 19:00,0.946057691473479,-1.474654527,-4.9710249,-2.581802042,-9.673511274
20120116 20:00,0.981110779341295,-1.409432593,-4.981322392,-2.45754354,-9.652555937
20120116 21:00,0.968142075914218,-1.457596482,-5.484815579,-2.323192977,-9.582486528
20120116 22:00,0.969081822849569,-1.537869632,-6.058765293,-2.246241012,-9.558256919
20120116 23:00,0.945117901395716,-1.159080707,-6.816443952,-1.590257043,-10.12405102
20120117 0:00,0.927356429672128,-0.736643257,-7.271701516,-0.951934182,-10.58113932
20120117 1:00,0.913635920278739,0.50511194859864,-7.685648615,0.83166570941261,-11.16163132
20120117 2:00,0.826332091517618,0.828987499949148,-7.498628671,1.30413389163003,-10.83470289
20120117 3:00,0.266046421202588,1.56915223421121,-7.074076698,2.2872092539065,-10.18410987
20120117 4:00,0.540080797633309,1.9238323294154,-6.399886496,2.85587878888867,-9.291992354
20120117 5:00,0.705290838486488,1.6166425726523,-5.514046491,2.62533708551752,-8.559803221
20120117 6:00,0.665350989740308,2.22289310932822,-5.459777311,3.31240828544092,-8.068594613
20120117 7:00,0.204304099469227,1.82585676632522,-4.47541787,3.12854416151776,-7.585001642
20120117 8:00,0.0122110237793551,1.24869940995555,-3.017664195,2.59744438560348,-6.381186969
20120117 9:00,0.00100730479409887,2.3533845798195,-1.949813708,5.68841092709814,-4.873290776
20120117 10:00,0,2.61864592967065,1.10428877959398,6.1460789011979,2.68522927923084
20120117 11:00,0.0414376027812039,0.59666989838597,1.94128652258034,2.12156077074353,3.63228817934039
20120117 12:00,0.0604266507697756,0.874766474842813,0.0552237780355037,2.16311520122771,0.873251567418726
20120117 13:00,0.0522507282662568,2.30632208226527,0.30444455238107,5.82218203893078,1.28884777631229
20120117 14:00,0.156846156335543,1.45577439919419,1.14645175816835,3.68810587611983,2.99148669494691
20120117 15:00,0.250916261943062,1.14045566558081,0.837534885445204,2.48018119820976,2.21414771260542
20120117 16:00,0.267174130152057,0.723310800895547,1.2391268199853,1.77432511875242,2.69393286475741
20120117 17:00,0.291889855467714,0.373336955446782,1.25916467118896,1.21248644905532,2.27017704443269
20120117 18:00,0.276759691999173,0.828131818175434,1.41070092091666,1.93769664682037,3.51478977473174
20120117 19:00,0.132976224306781,0.543617628415741,1.40903109998303,1.16011648186978,3.32875063410138
20120117 20:00,0.241612627333313,0.434946043154144,1.4036041819487,0.827111799222562,3.24280272702653
20120117 21:00,0.219246304080413,0.413126157924454,2.22515608129891,0.571523589806153,3.18731736929467
20120117 22:00,0.18137392910737,0.350661388443378,2.5357427749557,0.476460714588914,3.42503404898902
20120117 23:00,0.136641292071854,0.437085247588428,2.69729795028523,0.587462275471319,3.56320346922327
20120118 0:00,0.122638844918559,0.61207217031281,2.9465187246308,0.802634531951057,3.85150973979079
20120118 1:00,0.343858650183081,-0.049227723,3.96699829553275,-0.094144837,5.23751055308963
20120118 2:00,0.455690247507012,0.00130915650880026,3.8238067437624,-0.030318737,4.99972608857714
20120118 3:00,0.440560090351994,0.134576779876728,3.80216686294824,0.167493453057906,4.96775018259135
20120118 4:00,0.413776888106437,0.456889767853654,3.84268408660029,0.601608381786087,5.03809717576008
20120118 5:00,0.602011080328534,0.679626385561287,4.13321099710539,0.884197224280301,5.46424879553429
20120118 6:00,0.581054396419231,0.535877039007117,4.45780920931791,0.6824872573965,5.95958464825957
20120118 7:00,0.461798696237394,-0.052971196,4.69446662928561,-0.125814277,6.37410866585713
20120118 8:00,0.400338309107177,-0.84658738,4.69722916726189,-1.258605757,6.56596410177185
20120118 9:00,0.303918791966616,-1.367678761,4.03974512890803,-2.235973375,6.34213275987134
20120118 10:00,0.196316132666302,-1.494208134,3.27682422445962,-2.926854372,6.11713865775317
20120118 11:00,0.113147257764978,-1.55747282,3.12580548175649,-3.107126565,5.9136556196618
20120118 12:00,0.109012308114197,-1.552606306,2.99734746585962,-3.100305455,5.69621945895846
20120118 13:00,0.107884599164728,-1.695606958,2.79015711763887,-3.39263874,5.35553071518262
20120118 14:00,0.0915327499486751,-1.823259372,2.57836253945766,-3.719077576,5.04507373706607
20120118 15:00,0.062118220507502,-1.917220534,2.36472626929226,-3.959765314,4.75031402188801
20120118 16:00,0.0254675323342242,-1.968880455,1.99178364249491,-4.210684717,4.18579393621166
20120118 17:00,0.0416314237451758,-1.993213027,1.62390566865406,-4.481093006,3.57476344182872
20120118 18:00,0.0394699731739963,-2.078564201,1.4825558088679,-4.759296849,3.28174786697715
20120118 19:00,0.0577953172606352,-2.134341943,1.45631169809327,-4.870383498,3.17593668716964
20120118 20:00,0.0658772671751267,-2.247020467,1.45631169809327,-4.856741278,3.01663853734954
20120118 21:00,0.0881496094209683,-3.060477056,1.86286520360199,-4.589256322,2.69280981672985
20120118 22:00,0.081853208146754,-3.100906559,1.95356853382308,-4.359774693,2.66548495161472
20120118 23:00,0.213419786796414,-2.767363154,1.97152503066888,-3.794597008,2.60909108105797
20120119 0:00,0.162954607170434,-2.314402973,2.04473228704021,-3.133923783,2.63816008649959
20120119 1:00,0.124894274392289,-2.092916487,2.41490173107002,-2.824958166,3.11717299561676
20120119 2:00,0.248472882030008,-1.579270633,2.56451780014978,-2.1192039,3.29436561605196
20120119 3:00,0.58622308453496,-1.236958798,2.79233492477445,-1.660347166,3.59290102871262
20120119 4:00,0.569401357642216,-1.028579586,3.2356896694341,-1.388294036,4.19760600321369
20120119 5:00,0.600413482127581,-1.011838008,3.78826737597055,-1.403666901,4.96865507036822
20120119 6:00,0.399116613889381,-1.140427574,4.30336027902266,-1.63006728,5.70675675685225
20120119 7:00,0.496099983400169,-1.301431683,4.72377173879103,-1.898859499,6.38900861512655
20120119 8:00,0.394981667395361,-1.529758307,4.65429559440194,-2.250106176,6.49307412236627
20120119 9:00,0.535663934424462,-1.762359377,3.85289634749528,-2.841728565,5.94140639479818
20120119 10:00,0.369420156158587,-1.692543436,2.99300788135874,-3.398878467,5.64367457678802
20120119 11:00,0.276383793225033,-1.712134644,2.80364499479128,-3.553538808,5.38210451805035
20120119 12:00,0.288036827793032,-1.720683535,2.53737363210939,-3.733354747,4.96302990781472
20120119 13:00,0.288224783493626,-1.712490848,2.38549554902627,-3.852145069,4.79990019376327
20120119 14:00,0.24123672224565,-1.849985508,2.27498000771898,-4.103701045,4.65043158877031
20120119 15:00,0.19077154261967,-2.05836472,2.12665651806973,-4.485693453,4.3426548376289
20120119 16:00,0.20035710551904,-2.230054943,1.9595906266783,-4.808989467,3.985858813
20120119 17:00,0.111643638466575,-2.298089865,1.90045511773317,-4.875139371,3.8167021388768
20120119 18:00,0.0984869835479205,-2.440927582,1.99093567786779,-4.902158347,3.83799739711505
20120119 19:00,0.0924725105633272,-3.018333913,2.35641251184014,-5.187720964,3.94367009365577
20120119 20:00,0.124330416760793,-2.999098909,2.19904096617742,-5.189584341,3.71946718616633
20120119 21:00,0.188234184856318,-3.300803512,2.51539978179098,-4.857437284,3.61821426020336
20120119 22:00,0.164552202214625,-3.104891432,2.45787999713397,-4.36364222,3.38637720353418
20120119 23:00,0.287754901607918,-2.896156016,2.43170526366645,-3.983047345,3.25940924875522
20120120 0:00,0.333239346714253,-2.660705316,2.56774924872601,-3.635061578,3.38758259550993
20120120 1:00,0.362935803392794,-1.812916043,3.02580198840642,-2.452145209,3.96566789544213
20120120 2:00,0.38840333888378,-1.513829705,3.0459663382731,-2.045992467,3.96791338509119
20120120 3:00,0.372051493876743,-1.272379796,3.00832621852196,-1.726617725,3.90189598940876
20120120 4:00,0.430410667716619,-1.057099942,3.11620549030871,-1.448848874,4.03752356421212
20120120 5:00,0.484540919316689,-0.916903221,3.49529526780232,-1.282425312,4.567010023
20120120 6:00,0.49262285555188,-0.926561217,3.88715580021149,-1.332748627,5.12928063158619
20120120 7:00,0.541960329385153,-0.987936226,4.3243861198207,-1.452415093,5.80741850560299
20120120 8:00,0.556526629960928,-1.207266208,4.6913772873943,-1.824886877,6.52777158502217
20120120 9:00,0.432290189998178,-1.258360124,4.48368448376748,-2.086013371,6.80711049736551
20120120 10:00,0.553143479962937,-1.100093603,4.01788800184714,-2.101466988,6.96384567487006
20120120 11:00,0.539235018025715,-1.347774477,3.87707362527815,-2.503261018,6.76399709610352
20120120 12:00,0.550512163289858,-1.805750433,3.63812607935798,-3.381739681,6.48600547754961
20120120 13:00,0.573536308345251,-2.232571562,3.5551161724068,-4.12985322,6.28480960499363
20120120 14:00,0.581994163347406,-2.26528413,3.2539952143977,-4.34977007,5.96011180173923
20120120 15:00,0.532844642057965,-2.143468757,2.96530893880637,-4.240406015,5.60173165374889
20120120 16:00,0.44817214785824,-2.388345697,3.17535424991764,-4.446057989,5.65337791567732
20120120 17:00,0.511700015075117,-2.801458702,3.17031316245097,-4.94493243,5.46340949136666
20120120 18:00,0.60088336190878,-2.936359102,3.09469685045091,-5.153754377,5.24380060368837
20120120 19:00,0.489615625373107,-3.124534257,3.1881250048332,-5.345933967,5.30891980351117
20120120 20:00,0.630297894506715,-3.429540013,3.30642252405107,-5.604682982,5.27838114428392
20120120 21:00,0.641950931179221,-4.075068027,3.75541538108251,-6.098406218,5.5011337174709
20120120 22:00,0.888074418512249,-4.286609302,3.77053864348252,-6.175278054,5.3533804985626
20120120 23:00,0.919650380636284,-4.23645003,3.59275629215794,-5.987853423,5.01925163878214
20120121 0:00,0.873320152765594,-4.242369447,3.3793502560689,-5.91296282,4.65862600114274
20120121 1:00,0.664223268163793,-4.013469687,3.83542045699903,-5.560900439,5.22222658410302
20120121 2:00,0.746452380345958,-4.02253026,3.68916267581991,-5.557599366,4.96832813462135
20120121 3:00,0.724931850379951,-4.077864472,3.47317318967764,-5.624858726,4.65151284616444
20120121 4:00,0.601071308139088,-4.018647157,3.41667262873314,-5.547696148,4.5703010398276
20120121 5:00,0.744102975126438,-4.079482431,3.45493566684113,-5.666534771,4.64928175258376
20120121 6:00,0.858096027230565,-4.207624817,3.56829438721712,-5.901736213,4.8661440486261
20120121 7:00,0.901888907860443,-4.500475472,3.62801333454453,-6.422893092,5.07274331419729
20120121 8:00,0.896908172288544,-4.951238966,3.27291803696295,-7.335227107,4.79296417917971
20120121 9:00,0.909125056070009,-4.732814445,2.48119498676596,-7.82461116,4.03126883073472
20120121 10:00,0.918334720195238,-4.516007883,2.07853909041465,-8.265717022,3.67830982627075
20120121 11:00,0.817686290285153,-4.563899481,2.08283027225853,-8.366399744,3.63591904823779
20120121 12:00,0.649281067761622,-4.821155029,2.05672558270822,-8.690730154,3.53284252481026
20120121 13:00,0.626538838368805,-4.826008907,1.90581902119823,-8.510821682,3.19282386311425
20120121 14:00,0.499483116562098,-4.663565782,1.61759464068388,-8.234769464,2.68190343313796
20120121 15:00,0.360210496242373,-4.482030735,1.39874436664568,-7.905487445,2.26647380841489
20120121 16:00,0.551733850089625,-4.125756071,1.06868096315344,-7.624896251,1.79571306289089
20120121 17:00,0.622403890822532,-3.868824115,0.753279097627808,-7.470983728,1.14111020631866
20120121 18:00,0.424302210568206,-3.476954344,0.422142898674594,-7.08847191,0.409311511854809
20120121 19:00,0.371769563482614,-3.13103462,0.132130525725289,-6.828512421,-0.404591426
20120121 20:00,0.284183811693141,-3.076671183,-0.161457832,-6.73897082,-1.23054227
20120121 21:00,0.223005352852546,-3.812195535,-0.701431547,-6.618894294,-2.209099914
20120121 22:00,0.110421950614556,-4.033532384,-1.822502804,-5.779183883,-3.005600323
20120121 23:00,0.0384362357613011,-3.867853339,-2.70505587,-5.324048461,-3.980141999
20120122 0:00,0.0355229771193014,-3.401881027,-2.94858044,-4.586671308,-4.169338734
20120122 1:00,0,-2.068646982,-3.873872324,-2.729699211,-5.34147163
20120122 2:00,0,-1.367002078,-3.455503608,-1.75705248,-4.67964132
20120122 3:00,0.0660652186667048,-1.284509736,-2.906055085,-1.626386901,-3.917635302
20120122 4:00,0.182313691826529,-1.830676508,-3.143085412,-2.395303574,-4.250017465
20120122 5:00,0.318579070392688,-1.836809767,-2.547792914,-2.409220618,-3.51399845
20120122 6:00,0.430504644514662,-1.940155192,-1.823458117,-2.573905637,-2.548287853
20120122 7:00,0.45766375079563,-2.3501636,-1.926691956,-3.124402038,-2.749896706
20120122 8:00,0.286251287570786,-2.217378528,-1.560279745,-3.617683926,-2.682414324
20120122 9:00,0.283056096430149,-1.359642167,-0.981287326,-3.301457763,-2.672773984
20120122 10:00,0.198947464070934,-2.175059037,-0.930349577,-3.148756865,-2.194110138
20120122 11:00,0.132130435228901,-2.143472749,0.189941325206674,-4.096662185,-0.358254054
20120122 12:00,0.135795505098483,-2.243138219,0.817494398070526,-5.774825723,1.41556853729102
20120122 13:00,0.174419692351363,-2.458722295,0.589293280665489,-6.176873656,0.858105388457587
20120122 14:00,0.156940131029079,-2.271657876,0.189262155214397,-5.848663372,-0.31466295
20120122 15:00,0.329668256799476,-2.024487512,-0.059653647,-5.118791739,-1.386836435
20120122 16:00,0.282116334763243,-1.971128153,-0.286496424,-4.645998833,-2.19830159
20120122 17:00,0.292171781652828,-1.947821767,-0.579897861,-4.490205258,-2.835821477
20120122 18:00,0.288788639020614,-1.910715546,-0.939518372,-4.51494667,-3.584833993
20120122 19:00,0.322714026356993,-2.049020551,-1.428860351,-4.97536887,-4.51198323
20120122 20:00,0.449863726013997,-1.964074905,-2.252693552,-4.469329693,-5.869594613
20120122 21:00,0.397237090555568,-2.249271478,-3.398113744,-3.928111321,-6.331073505
20120122 22:00,0.625693054552195,-2.32041729,-4.140446546,-3.376068581,-6.173474901
20120122 23:00,0.701155895149232,-1.807063458,-4.139088206,-2.500067988,-5.843188464
20120123 0:00,0.584155616023094,-1.350135614,-4.048419012,-1.809627979,-5.562780309
20120123 1:00,0.410017843543321,-0.737398447,-4.168764395,-0.989377062,-5.643516846
20120123 2:00,0.299313966743652,-0.979070154,-3.439544233,-1.317059949,-4.567155959
20120123 3:00,0.195470346745185,-1.443538748,-2.638120312,-1.914191529,-3.454100951
20120123 4:00,0.168875102304731,-1.992018794,-1.88168198,-2.606531395,-2.46433819
20120123 5:00,0.11633950680364,-2.418737749,-1.290820854,-3.149588366,-1.722138432
20120123 6:00,0.100178553285647,-2.638573881,-0.930180089,-3.455548975,-1.283276743
20120123 7:00,0.103091810875393,-2.713332969,-0.740030923,-3.61315104,-1.046477348
20120123 8:00,0.102246028111037,-2.370625465,-0.677277918,-3.734703367,-1.150199397
20120123 9:00,0.0795038060839965,-1.582324185,-0.479190119,-3.834533414,-1.373788909
20120123 10:00,0.111267735483419,-2.275881273,-0.918083125,-3.976421491,-1.937899865
20120123 11:00,0.15318108857047,-2.062706843,-1.526711668,-3.411642241,-2.718261508
20120123 12:00,0.223757159871111,-1.466484607,-2.102451588,-2.412417414,-3.671330148
20120123 13:00,0.290292259371269,-0.870632466,-2.312258322,-1.326765648,-4.671367263
20120123 14:00,0.20862700166384,-0.646725295,-2.312258322,-0.8937066,-5.428244669
20120123 15:00,0.0731134259072314,-0.689656257,-2.225311387,-0.953327323,-5.574531898
20120123 16:00,0.0588290567778382,-0.75738355,-2.205275789,-1.015258926,-5.515332049
20120123 17:00,0.160981104934071,-0.927627019,-2.217372754,-1.110005036,-5.291253283
20120123 18:00,0.308241698370244,-1.118965874,-2.169740955,-1.318446478,-5.067663771
20120123 19:00,0.403345541390458,-1.245538192,-2.18221595,-1.411806059,-4.802976844
20120123 20:00,0.356075551852862,-1.124517291,-2.128157638,-1.056392603,-4.430164573
20120123 21:00,0.381355122172968,-0.773297613,-1.727067648,-0.722701426,-4.155692547
20120123 22:00,0.203928198590579,-0.523483827,-1.740676734,-0.648753243,-3.503026446
20120123 23:00,0.137205145494335,0.149347969332141,-1.876767588,0.278372105035309,-2.517177724
20120124 0:00,0.0692604066505795,0.866961200141263,-1.160778482,1.14864978706169,-1.475064683
20120124 1:00,0.0986749329349908,0.337983426389516,-1.095664801,0.433172209842441,-1.374532413
20120124 2:00,0.0873978002978942,-0.102807474,-0.198707686,-0.129150126,-0.254484772
20120124 3:00,0.0771544008644772,-0.634026112,0.446287012696148,-0.819410519,0.544952711032264
20120124 4:00,0.260501824842433,-1.072334682,0.953847666304669,-1.385190641,1.18617302555794
20120124 5:00,0.601259274362221,-1.409931574,1.10037126473177,-1.830812723,1.38800431124438
20120124 6:00,0.309275438939701,-1.447875763,1.37633010147165,-1.895213974,1.78006738343989
20120124 7:00,0.248472882030008,-1.301063669,2.32200722184111,-1.952267432,3.34785569225483
20120124 8:00,0.209378813943675,-1.251771686,4.2006360880268,-2.220245793,6.87595936204732
20120124 9:00,0.221877640746316,-1.46347898,4.58021583184292,-2.623942228,7.74360190051549
20120124 10:00,0.362090019576185,-1.326596207,3.32985688645631,-2.745396937,6.40548367541271
20120124 11:00,0.383892486249843,-1.350001033,2.47289380582931,-3.19793459,5.40699878622367
20120124 12:00,0.471948113611499,-1.486529188,2.10167645100532,-3.864422709,4.74861121291547
20120124 13:00,0.483977066946462,-1.385462892,1.85153194550198,-3.852752683,4.22709772990038
20120124 14:00,0.486138505942849,-1.362412684,1.53121608889087,-3.921476166,3.5965489546179
20120124 15:00,0.505309643316383,-1.421279369,1.23562381712602,-4.100848779,2.90800268344851
20120124 16:00,0.409266041786024,-1.371278149,1.17454201927055,-4.001005229,2.6537416614803
20120124 17:00,0.339817681539358,-1.328723918,1.32433785686848,-3.81125926,3.03745309426809
20120124 18:00,0.369796063350759,-1.402484584,1.259256656,-3.843675997,2.94744098065161
20120124 19:00,0.387181646822745,-1.505678592,1.11527813206555,-3.890788322,2.5261471705291
20120124 20:00,0.373743058353199,-1.587595485,1.05965006616146,-3.986741864,2.25703878961384
20120124 21:00,0.334461036670782,-1.942568687,2.06677256651648,-3.129211107,2.94280118098066
20120124 22:00,0.419415461264636,-2.237611349,2.2674699023273,-3.166382299,3.08153119114214
20120124 23:00,0.434545612106131,-2.386196536,1.63047401,-3.284811446,2.08443824185439
20120125 0:00,0.639413571311362,-2.051436593,1.99332897623788,-2.816281536,2.48949275312857
20120125 1:00,0.625035222227164,-2.064861034,3.25164797432195,-2.810392859,4.25275369648269
20120125 2:00,0.460576996810582,-1.952733619,3.08658914889253,-2.643841829,4.005046502
20120125 3:00,0.529555477276048,-1.733558997,3.31307397556624,-2.360659695,4.30002606176107
20120125 4:00,0.645803956749397,-1.487531855,4.04415644436323,-2.053425234,5.31543646794059
20120125 5:00,0.775303053207888,-1.432012455,4.69459373361251,-2.031188175,6.2381930381745
20120125 6:00,0.718635454367007,-1.389919316,5.24139819867666,-2.007589664,7.08058658743517
20120125 7:00,0.80904048905269,-1.574621109,5.62728915127878,-2.29939433,7.78021759355514
20120125 8:00,0.759609046839406,-2.038008514,4.94105143185645,-2.996004225,6.98415096226728
20120125 9:00,0.751902992542292,-1.954185107,4.28043928350535,-3.161193803,6.50575462565011
20120125 10:00,0.754346374559856,-1.75133972,4.42401785083095,-3.092213539,7.37934793599451
20120125 11:00,0.531528988982696,-2.085907603,4.2457693932325,-3.590505178,7.05505951018484
20120125 12:00,0.409172062883473,-2.398703174,3.49207612643148,-4.256255481,5.98859494950467
20120125 13:00,0.319706786707935,-2.351166956,3.48077072742946,-4.343388445,6.1450664785761
20120125 14:00,0.220749922326562,-2.433538875,3.48529288703027,-4.573020111,6.38142830496798
20120125 15:00,0.198195651791099,-2.4861553,3.1367097511348,-4.656522535,5.70590620513998
20120125 16:00,0.260031946113488,-2.412129434,3.23431302918553,-4.529907446,5.95881335937929
20120125 17:00,0.283056094325642,-2.43245026,3.18758404664387,-4.554413593,5.94368620249021
20120125 18:00,0.290480210862848,-2.491235506,2.87178656785424,-4.741386411,5.48325336467883
20120125 19:00,0.278639221646509,-2.462568627,2.86839494815363,-4.742294046,5.50263503444296
20120125 20:00,0.274034395371291,-2.414306665,2.95017066760154,-4.520377279,5.53714386109618
20120125 21:00,0.237571653428322,-3.034091856,3.67522359026413,-4.54397579,5.47852612815099
20120125 22:00,0.287848881562723,-3.150936605,3.88550401170161,-4.494963497,5.50783499462358
20120125 23:00,0.567897738343814,-2.91398126,3.74908553041063,-4.080174283,5.17787388498052
20120126 0:00,0.717601712745296,-2.876605455,3.84894988826176,-3.978972976,5.24169157810632
20120126 1:00,0.734329469153521,-3.80100621,3.73913711443771,-5.27520654,5.02390389975578
20120126 2:00,0.789493456061777,-3.484593304,3.98379240473607,-4.796710838,5.34830192869601
20120126 3:00,0.720702926035635,-3.263206447,4.19463946026808,-4.498499421,5.62763163523645
20120126 4:00,0.732919817182877,-3.014571978,4.35822769300844,-4.169321526,5.85109540046879
20120126 5:00,0.762898204255546,-2.792503931,4.60033827746416,-3.928376882,6.1679820423424
20120126 6:00,0.67982331036128,-2.522411966,4.92678768413269,-3.639497828,6.6200736514154
20120126 7:00,0.735739101131342,-2.171598948,5.24596650267943,-3.212330122,7.15291267145472
20120126 8:00,0.752654804822129,-1.962132922,5.43936414671914,-2.984535626,7.64584744770255
20120126 9:00,0.713654715638347,-1.869491038,5.22124650306533,-3.002351955,7.80405603779351
20120126 10:00,0.764683758157092,-1.91581198,4.63305592401223,-3.367586706,7.65288937307751
20120126 11:00,0.807066985764073,-2.278205234,4.26952651792256,-3.981401672,7.14680966946308
20120126 12:00,0.839864656785206,-2.690325382,3.7536782906813,-4.78610588,6.45763990609945
20120126 13:00,0.797669375408535,-3.145019925,3.22401594600864,-5.620503971,5.54359799242848
20120126 14:00,0.841932124244819,-3.440315932,2.97099947937022,-6.149479273,5.0408045206557
20120126 15:00,0.855652639951733,-3.568379714,2.86339477516768,-6.366668811,4.87743185195642
20120126 16:00,0.796729611637121,-3.507413179,2.61292301437189,-6.399332082,4.5727512140661
20120126 17:00,0.559439892811943,-3.610954109,2.48059831055525,-6.447266492,4.25915080403415
20120126 18:00,0.459919176060344,-3.381392969,2.25884537284054,-6.12487577,3.89766530145241
20120126 19:00,0.412649180209224,-3.136164451,2.02545949413097,-5.818604585,3.55214149638727
20120126 20:00,0.404849161741114,-2.901834979,1.9996489062986,-5.470761965,3.50190909537916
20120126 21:00,0.408514229506189,-3.559183644,2.31919125425143,-5.291750275,3.31694118886331
20120126 22:00,0.638755747404362,-3.552712336,2.06399361117648,-5.019839153,2.78551055389898
20120126 23:00,0.656517228598236,-3.539429125,1.65938538219866,-4.872642337,2.15690134876009
20120127 0:00,0.457663740273089,-3.463476403,1.25877597668784,-4.69023706,1.56162392372938
20120127 1:00,0.271215103004795,-2.914482084,1.00652837695813,-3.882271523,1.13556223190839
20120127 2:00,0.244149979835395,-2.646333786,0.805431094066366,-3.496132011,0.840704196405282
20120127 3:00,0.225260776012752,-2.444117005,0.844164871509899,-3.221108166,0.869280746101618
20120127 4:00,0.259937970367698,-2.492359577,0.842573072436877,-3.286973109,0.868631279063065
20120127 5:00,0.408514228453934,-2.547034492,0.802247495920322,-3.353843623,0.926433845494291
20120127 6:00,0.577953189442414,-2.744829038,1.47876210195463,-3.751044423,1.83438876539152
20120127 7:00,0.714030623882773,-2.922924534,1.23415564440026,-4.120089217,1.62526037897742
20120127 8:00,0.760454824342491,-2.153053486,1.46443591029743,-4.187462517,2.50983448548674
20120127 9:00,0.747580096661203,-2.146219121,1.80242791346908,-4.861698305,3.5307966700922
20120127 10:00,0.725401732265659,-3.329770226,2.22054046998283,-6.8301048,4.27508589627405
20120127 11:00,0.673432933341277,-3.766365504,1.70161397217769,-7.381660847,3.11448829837967
20120127 12:00,0.490555382830996,-3.544047651,1.47929270164563,-7.07194478,2.71701447078518
20120127 13:00,0.450521559391282,-3.274693289,1.2007278638668,-6.6988777,2.21562591702218
20120127 14:00,0.401935898890099,-2.846942482,0.711514948758074,-6.199611378,1.32585607420444
20120127 15:00,0.366412922823051,-2.492359577,0.167650265475594,-5.756657069,0.126290453996877
20120127 16:00,0.378911748573437,-2.122901878,-0.157607345,-5.217670667,-1.133026134
20120127 17:00,0.351376738257061,-1.81535548,-0.300338662,-4.45544736,-2.111772961
20120127 18:00,0.363217732734669,-1.648516585,-0.540700322,-3.672609835,-2.874247264
20120127 19:00,0.30316699020932,-1.601480077,-0.911058906,-3.30004554,-3.650360375
20120127 20:00,0.266610275677323,-1.395645102,-1.40239422,-2.784187286,-4.60767479
20120127 21:00,0.218870400045003,-1.2774508,-2.249761927,-2.001852547,-4.990210876
20120127 22:00,0.109200259605775,-0.84889595,-2.665752085,-1.145608291,-4.141357456
20120127 23:00,0.0202988431662403,-0.222546555,-3.286553723,-0.233554809,-4.513502069
20120128 0:00,0.0332675497500789,-0.129277582,-2.871624765,-0.113891784,-3.848447822
20120128 1:00,0,-1.110207078,-2.042913929,-1.382482313,-2.744450794
20120128 2:00,0.00439925584391973,-1.480169044,-1.102385612,-1.888317283,-1.5332489
20120128 3:00,0.12273282382111,-2.126157321,-0.724994939,-2.773842272,-1.031881553
20120128 4:00,0.225824635748756,-2.542846255,-0.758016623,-3.33113936,-1.088668317
20120128 5:00,0.263039186814799,-3.014933139,-0.691973255,-3.978808948,-1.001993783
20120128 6:00,0.398646735160436,-3.281806744,-0.898948452,-4.494057719,-1.312826594
20120128 7:00,0.318203170566295,-3.361772482,-0.770989427,-4.669154439,-1.188045153
20120128 8:00,0.375434628090926,-2.737943385,-0.552220771,-4.62585095,-1.137983138
20120128 9:00,0.460952904002754,-2.095808879,-0.147705144,-4.793416628,-0.72777349
20120128 10:00,0.491025271030228,-2.092918551,0.18663940550765,-5.382720643,-0.130018083
20120128 11:00,0.505403613800902,-2.08906478,0.391255910983809,-5.593589811,0.410950560394623
20120128 12:00,0.399586497879595,-1.997537732,0.0356831363379186,-5.368913733,-0.233130891
20120128 13:00,0.258340373,-1.781726585,-0.622981523,-4.385485201,-2.197504596
20120128 14:00,0.305892292098472,-1.205106176,-1.437319834,-2.209014143,-4.502598884
20120128 15:00,0.208063146136852,-0.519135031,-1.951514626,-0.681467846,-5.527749407
20120128 16:00,0.132976220097764,-0.12894077,-2.238685341,0.0270776627725269,-6.11952726
20120128 17:00,0.119631613687532,0.12348119693719,-2.07121823,0.686671400507495,-5.618907106
20120128 18:00,0.0981110763557486,0.0859069347476185,-1.865422379,0.682278292834665,-5.019657311
20120128 19:00,0.082792972970422,-0.060536344,-1.850090882,0.33647796030187,-4.962123353
20120128 20:00,0.0903110599921478,-0.238291507,-1.761639943,-0.08651555,-4.870218459
20120128 21:00,0.114556899213083,-0.626077162,-2.30295969,-0.69652993,-4.267979887
20120128 22:00,0.0545061535309715,-0.706042899,-2.558288067,-0.928737049,-3.637347933
20120128 23:00,0.178836573448527,-0.917036833,-3.124963749,-1.229351132,-4.282923772
20120129 0:00,0.215769188859171,-1.210886832,-3.894486918,-1.634144624,-5.28790005
20120129 1:00,0.179306451125218,-1.743083512,-4.478962893,-2.2986468,-6.12100737
20120129 2:00,0.212010142191546,-2.129846139,-4.768017947,-2.868717458,-6.583440876
20120129 3:00,0.310873031879385,-2.077667513,-4.588444667,-2.869313766,-6.404691149
20120129 4:00,0.133258150491893,-2.279974118,-4.743109396,-3.113800136,-6.566072482
20120129 5:00,0.0950098662221708,-2.114284093,-4.746585007,-2.91165165,-6.669559166
20120129 6:00,0.0670049803336109,-2.126184481,-5.199573088,-3.174027266,-7.572715685
20120129 7:00,0.00044638610781538,-0.686695175,-4.63420689,-1.198458135,-7.487321078
20120129 8:00,0.00120700575300367,-0.114103404,-4.107072423,-0.29922534,-7.33172921
20120129 9:00,0.0520627746701709,0.252977811926195,-5.386097592,0.491479359543631,-9.072910768
20120129 10:00,0.0436049228247771,0.289594392047551,-5.778841734,0.470012263638463,-9.557778451
20120129 11:00,0.00975883439644039,-0.331056641,-5.040274211,-0.572930812,-8.364425005
20120129 12:00,0.0246188085201484,-0.790137014,-4.334725,-1.097682046,-7.286137174
20120129 13:00,0.0232003576021829,-1.060642,-4.289542046,-1.538950128,-6.995216565
20120129 14:00,0.0412555197097657,-0.53610949,-4.879816796,-0.83172858,-7.616860355
20120129 15:00,0.0539422980039832,0.86722094346193,-4.601767846,1.4223164903205,-7.443900092
20120129 16:00,0.1825016412136,1.4933644635371,-4.522408042,2.47122264857578,-7.4178475
20120129 17:00,0.224884873029597,1.62701498098005,-3.922285725,2.82423711457188,-6.565348799
20120129 18:00,0.293487447355144,1.99821556196029,-3.76588319,3.44380135472381,-6.170217822
20120129 19:00,0.343012865314218,2.18267158432162,-3.739236833,3.7819081152302,-6.189757266
20120129 20:00,0.659806384962122,2.77036769526937,-3.69752949,4.67696675283179,-5.92995503
20120129 21:00,0.57081100119483,3.26652235591373,-3.477407405,5.97691867153362,-5.86482355
20120129 22:00,0.591203825368128,5.65850045234126,-2.948535131,9.32340039986146,-4.384891594
20120129 23:00,0.523541010604978,7.3401168944145,1.19729056602894,11.0467311544708,1.98713817267256
20120130 0:00,0.260125923963784,6.58673075841762,3.42689558330151,10.1152977154743,5.53101435296002
20120130 1:00,0.516586773848972,6.9470479679339,0.199390472788847,9.96568460960575,0.352855812123863
20120130 2:00,0.834414034066332,7.65531205613637,-0.695135234,11.0246727288569,-0.933157679
20120130 3:00,0.850108063584401,7.97572773262871,-0.186366274,11.4491592869155,-0.13576936
20120130 4:00,0.719105327834683,8.56763729731814,0.207750526120756,12.401747232165,0.376087990567938
20120130 5:00,0.690724543171983,8.24193277884794,0.763096926026147,11.9516355013103,1.17872228455518
20120130 6:00,0.950192632706228,8.46935298389615,1.77466337918715,12.2390830918066,2.61012424675466
20120130 7:00,0.99539516530675,7.65354910881042,3.9536515654826,11.2291170422525,6.03349815425582
20120130 8:00,0.992481908769259,5.52611242321408,5.86571519182353,8.07165009858322,8.75765843310142
20120130 9:00,0.989756591096298,3.31669868696084,6.61155137836314,5.00721367354352,10.1838144195232
20120130 10:00,0.981110796177357,2.91122080199116,5.75106303184306,4.46128607918996,9.1541043168729
20120130 11:00,0.961375791702042,2.61945301954559,5.44592108522838,4.00281831372774,8.60177800999279
20120130 12:00,0.926416656430428,2.14874608351558,4.92879207198315,3.23183485394681,7.97675746733605
20120130 13:00,0.937129941958568,1.79968251297646,5.13062764528209,2.63298570707939,8.17235742133295
20120130 14:00,0.753500590743246,1.60135093880651,5.20228524526989,2.33272553018493,8.24430223199847
20120130 15:00,0.604360484495799,1.4056637856255,5.07927303195751,2.03970724995027,8.19783787511032
20120130 16:00,0.62578703976827,1.27388347301035,5.30678591191875,1.82022207426119,8.39044012866281
20120130 17:00,0.633681030825406,1.08657031962762,5.42621524523174,1.63304689905425,8.5875389328819
20120130 18:00,0.738558398759107,1.15576600217136,4.90610049865368,1.71827845205027,8.029217225
20120130 19:00,0.530589218897759,1.09362210893144,4.62723300536785,1.68039776182982,7.88607702889305
20120130 20:00,0.515647009025304,0.930990218112083,4.3232853520863,1.40576275773155,7.60129548667535
20120130 21:00,0.469128837028811,0.50303475473648,5.36709772524181,0.616953090788045,8.11465168777831
20120130 22:00,0.324311610878645,0.219640972089195,5.76599169850719,0.183553429148183,8.32299186866389
20120130 23:00,0.509538563451682,-0.022764285,5.78629468517039,-0.145117265,8.18584707333273
20120131 0:00,0.662625674171856,-0.389457329,5.84362076516063,-0.619182962,8.10565858644512
20120131 1:00,0.562823036496413,-0.777752429,6.01329061487427,-1.141361829,8.44490090040519
20120131 2:00,0.354759884046037,-1.000929108,5.87159505899736,-1.486700637,8.14105639986616
20120131 3:00,0.307489892403932,-0.701609797,5.32124774322468,-1.045119866,7.27425404554568
20120131 4:00,0.332111634608023,-0.82107496,5.49670148796254,-1.194577973,7.44663261317644
20120131 5:00,0.463772190055726,-1.196536904,5.84938572422042,-1.706924893,7.9926799112726
20120131 6:00,0.411521463893977,-1.495856215,5.84760897743826,-2.136050821,8.03086503701359
20120131 7:00,0.476458960984166,-1.850750895,5.89913463412077,-2.661418711,8.22560917829264
20120131 8:00,0.474767393350948,-2.162323044,5.79475076066913,-3.191315636,8.28070485971893
20120131 9:00,0.453152892900423,-2.329049152,5.2723872067154,-3.682715775,8.09741625616217
20120131 10:00,0.420637142803132,-1.984656903,3.98380160295708,-3.808396456,7.38553641199085
20120131 11:00,0.211916168550265,-1.902825454,3.45033338161488,-3.863877117,6.72438823487542
20120131 12:00,0.146320830717013,-1.936958358,3.33084716051492,-3.967478759,6.49254997144798
20120131 13:00,0.14857625913849,-1.966277647,2.95106753582917,-4.127693321,5.93231962664802
20120131 14:00,0.100366504777225,-1.839810862,2.50910177376797,-4.136185258,5.36172474771836
20120131 15:00,0.127149702813765,-1.607444555,2.21549436801677,-3.872935184,5.05406173460524
20120131 16:00,0.143125642733139,-1.427152806,2.25369442383311,-3.522501214,5.16752610823561
20120131 17:00,0.11775208509245,-1.180345654,2.41315744753157,-3.040725271,5.65411371053509
20120131 18:00,0.122732822768856,-1.196974505,2.46379473082301,-3.039026883,5.86194989492533
20120131 19:00,0.0999906007418148,-1.358011795,2.48111801194902,-3.395122145,5.79594417757305
20120131 20:00,0.101212290698342,-1.384705476,2.48733662568657,-3.437581835,5.71193690094287
20120131 21:00,0.106662906051439,-1.817930795,3.34994718842309,-3.432486672,5.74521251051716
20120131 22:00,0.145287094356572,-2.441075093,4.06775288841393,-3.602891559,5.79212566499895
20120131 23:00,0.110985807193798,-2.953943854,4.3289346653908,-4.180343335,5.9775962757409
