Datetime,FCU_CTRL,FAN_CTRL,RM_TEMP,RMCLGSPT,RMHTGSPT,FCU_MAT,FCU_DAT,FCU_RAT,FCU_CVLV,FCU_CVLV_DM,FCU_CLG_GPM,FCU_CLG_EWT,FCU_CLG_RWT,FCU_HVLV,FCU_HVLV_DM,FCU_HTG_GPM,FCU_HTG_EWT,FCU_HTG_RWT,FCU_DA_CFM,FCU_OA_CFM,FCU_DMPR,FCU_DMPR_DM,FCU_SPD,FCU_OAT,FCU_WAT,FCU_MA_HUMD,FCU_OA_HUMD,FCU_DA_HUMD,FCU_RA_HUMD
2018-06-13 07:08:00,1,1,70.81,72.0,68.0,69.49,56.89,70.81,0.2,0.0,0.72,45.0,250.0,0.0,0.0,0.0,120.0,56.76,0.01,0.88,0.3,0.3,0.0,66.38,1.31,51.8,51.98,74.8,51.45
2018-06-13 07:09:00,1,1,71.03,72.0,68.0,68.85,57.04,71.03,0.2,0.0,0.72,45.0,250.0,0.0,0.0,0.0,120.0,57.02,0.01,0.88,0.3,0.3,0.0,66.43,0.18,51.81,51.99,74.39,51.03
2018-06-13 07:10:00,1,1,71.43,72.0,68.0,68.96,56.99,71.43,0.2,0.0,0.72,45.0,142.82,0.0,0.0,0.0,120.0,56.99,0.01,0.88,0.3,0.3,0.0,66.47,0.02,51.45,52.0,74.51,50.34
2018-06-13 07:11:00,1,1,71.8,72.0,68.0,69.16,56.92,71.8,0.2,0.0,0.72,45.0,58.31,0.0,0.0,0.0,120.0,56.92,0.01,0.88,0.3,0.3,0.0,66.51,0.0,51.09,52.01,74.69,49.72
2018-06-13 07:12:00,1,1,72.13,72.0,68.0,69.34,56.84,72.13,0.2,0.0,0.72,45.0,46.88,0.0,0.0,0.0,120.0,56.84,0.01,0.88,0.3,0.3,0.0,66.55,0.0,50.79,52.02,74.88,49.18
2018-06-13 07:13:00,1,1,72.22,72.0,68.0,70.47,55.23,72.22,0.2,0.0,0.72,45.0,47.59,0.0,0.0,0.0,120.0,55.98,397.93,41.96,0.3,0.3,9.75,66.59,1.28,49.92,52.03,79.41,48.86
2018-06-13 07:14:00,1,1,71.32,72.0,68.0,70.67,56.09,71.32,0.2,0.0,0.72,45.0,58.18,0.0,0.0,0.0,120.0,55.74,397.93,41.96,0.3,0.3,9.75,66.63,2.45,50.44,52.04,76.87,50.11
2018-06-13 07:15:00,1,1,70.82,72.0,68.0,69.25,56.98,70.82,0.2,0.0,0.72,45.0,250.0,0.0,0.0,0.0,120.0,56.89,0.01,0.88,0.3,0.3,0.0,66.67,0.79,51.51,52.05,74.57,50.88
2018-06-13 07:16:00,1,1,71.14,72.0,68.0,68.99,57.04,71.14,0.2,0.0,0.72,45.0,250.0,0.0,0.0,0.0,120.0,57.03,0.01,0.88,0.3,0.3,0.0,66.71,0.11,51.39,52.07,74.39,50.31
2018-06-13 07:17:00,1,1,71.55,72.0,68.0,69.16,56.98,71.55,0.2,0.0,0.72,45.0,104.43,0.0,0.0,0.0,120.0,56.98,0.01,0.88,0.3,0.3,0.0,66.75,0.01,51.03,52.08,74.54,49.62
2018-06-13 07:18:00,1,1,71.91,72.0,68.0,69.35,56.9,71.91,0.2,0.0,0.72,45.0,53.12,0.0,0.0,0.0,120.0,56.9,0.01,0.88,0.3,0.3,0.0,66.78,0.0,50.69,52.1,74.72,49.02
2018-06-13 07:19:00,1,1,72.24,72.0,68.0,69.53,56.83,72.24,0.2,0.0,0.72,45.0,46.17,0.0,0.0,0.0,120.0,56.83,0.01,0.88,0.3,0.3,0.0,66.82,0.0,50.4,52.12,74.91,48.5
2018-06-13 07:20:00,1,1,71.97,72.0,68.0,70.86,55.06,71.97,0.2,0.0,0.72,45.0,52.73,0.0,0.0,0.0,120.0,55.09,397.93,41.96,0.3,0.3,9.75,66.86,1.94,49.44,52.14,79.74,48.66
2018-06-13 07:21:00,1,1,71.04,72.0,68.0,70.53,56.57,71.04,0.2,0.0,0.72,45.0,59.32,0.0,0.0,0.0,120.0,56.28,397.93,41.96,0.3,0.3,9.75,66.89,2.53,50.37,52.16,75.63,50.07
2018-06-13 07:22:00,1,1,70.92,72.0,68.0,69.17,57.04,70.92,0.2,0.0,0.72,45.0,250.0,0.0,0.0,0.0,120.0,57.0,0.01,0.88,0.3,0.3,0.0,66.92,0.41,51.24,52.18,74.41,50.23
2018-06-13 07:23:00,1,1,71.31,72.0,68.0,69.17,57.03,71.31,0.2,0.0,0.72,45.0,250.0,0.0,0.0,0.0,120.0,57.03,0.01,0.88,0.3,0.3,0.0,66.96,0.06,51.0,52.2,74.41,49.56
2018-06-13 07:24:00,1,1,71.71,72.0,68.0,69.35,56.96,71.71,0.2,0.0,0.72,45.0,75.59,0.0,0.0,0.0,120.0,56.96,0.01,0.88,0.3,0.3,0.0,66.99,0.01,50.64,52.22,74.57,48.89
2018-06-13 07:25:00,1,1,72.07,72.0,68.0,69.55,56.89,72.07,0.2,0.0,0.72,45.0,49.22,0.0,0.0,0.0,120.0,56.89,0.01,0.88,0.3,0.3,0.0,67.02,0.0,50.32,52.25,74.76,48.31
2018-06-13 07:26:00,1,1,72.32,72.0,68.0,70.27,55.81,72.32,0.2,0.0,0.72,45.0,45.62,0.0,0.0,0.0,120.0,56.7,397.91,41.96,0.3,0.3,9.75,67.05,0.75,49.55,52.27,77.8,47.85
2018-06-13 07:27:00,1,1,71.5,72.0,68.0,70.84,55.8,71.5,0.2,0.0,0.72,45.0,57.3,0.0,0.0,0.0,120.0,55.45,397.93,41.96,0.3,0.3,9.75,67.09,2.37,49.43,52.29,77.67,48.91
2018-06-13 07:28:00,1,1,70.85,72.0,68.0,69.62,56.93,70.85,0.2,0.0,0.72,45.0,250.0,0.0,0.0,0.0,120.0,56.82,0.01,0.88,0.3,0.3,0.0,67.12,1.11,50.79,52.32,74.68,49.94
2018-06-13 07:29:00,1,1,71.13,72.0,68.0,69.22,57.06,71.13,0.2,0.0,0.72,45.0,250.0,0.0,0.0,0.0,120.0,57.04,0.01,0.88,0.3,0.3,0.0,67.15,0.15,50.93,52.34,74.34,49.45
2018-06-13 07:30:00,1,1,71.55,72.0,68.0,69.38,57.01,71.55,0.2,0.0,0.72,45.0,128.11,0.0,0.0,0.0,120.0,57.01,0.01,0.88,0.3,0.3,0.0,67.18,0.02,50.59,52.37,74.47,48.75
2018-06-13 07:31:00,1,1,71.94,72.0,68.0,69.58,56.93,71.94,0.2,0.0,0.72,45.0,56.32,0.0,0.0,0.0,120.0,56.93,0.01,0.88,0.3,0.3,0.0,67.21,0.0,50.25,52.39,74.65,48.12
2018-06-13 07:32:00,1,1,72.29,72.0,68.0,69.76,56.86,72.29,0.2,0.0,0.72,45.0,46.61,0.0,0.0,0.0,120.0,56.86,0.01,0.88,0.3,0.3,0.0,67.24,0.0,49.95,52.42,74.84,47.58
2018-06-13 07:33:00,1,1,71.84,72.0,68.0,70.97,55.24,71.84,0.2,0.0,0.72,45.0,54.68,0.0,0.0,0.0,120.0,55.07,397.93,41.96,0.3,0.3,9.75,67.26,2.13,48.83,52.45,79.21,48.03
2018-06-13 07:34:00,1,1,70.94,72.0,68.0,70.5,56.76,70.94,0.2,0.0,0.72,45.0,59.69,0.0,0.0,0.0,120.0,56.52,397.93,41.96,0.3,0.3,9.75,67.29,2.56,49.81,52.47,75.14,49.45
2018-06-13 07:35:00,1,1,70.95,72.0,68.0,69.32,57.11,70.95,0.2,0.0,0.72,45.0,250.0,0.0,0.0,0.0,120.0,57.08,0.01,0.88,0.3,0.3,0.0,67.32,0.35,50.84,52.5,74.22,49.41
2018-06-13 07:36:00,1,1,71.37,72.0,68.0,69.39,57.09,71.37,0.2,0.0,0.72,45.0,236.24,0.0,0.0,0.0,120.0,57.09,0.01,0.88,0.3,0.3,0.0,67.35,0.05,50.59,52.52,74.27,48.69
2018-06-13 07:37:00,1,1,71.8,72.0,68.0,69.59,57.02,71.8,0.2,0.0,0.72,45.0,70.96,0.0,0.0,0.0,120.0,57.02,0.01,0.88,0.3,0.3,0.0,67.38,0.01,50.23,52.55,74.44,48.01
2018-06-13 07:38:00,1,1,72.18,72.0,68.0,69.79,56.94,72.18,0.2,0.0,0.72,45.0,48.59,0.0,0.0,0.0,120.0,56.94,0.01,0.88,0.3,0.3,0.0,67.4,0.0,49.91,52.57,74.63,47.42
2018-06-13 07:39:00,1,1,72.05,72.0,68.0,70.96,55.05,72.05,0.2,0.0,0.72,45.0,51.83,0.0,0.0,0.0,120.0,55.26,397.93,41.96,0.3,0.3,9.75,67.43,1.81,48.55,52.6,79.81,47.41
2018-06-13 07:40:00,1,1,71.15,72.0,68.0,70.68,56.47,71.15,0.2,0.0,0.72,45.0,59.14,0.0,0.0,0.0,120.0,56.15,397.93,41.96,0.3,0.3,9.75,67.46,2.52,49.25,52.63,75.89,48.78
2018-06-13 07:41:00,1,1,70.89,72.0,68.0,69.48,57.09,70.89,0.2,0.0,0.72,45.0,250.0,0.0,0.0,0.0,120.0,57.04,0.01,0.88,0.3,0.3,0.0,67.48,0.57,50.63,52.65,74.27,49.2
2018-06-13 07:42:00,1,1,71.3,72.0,68.0,69.44,57.11,71.3,0.2,0.0,0.72,45.0,250.0,0.0,0.0,0.0,120.0,57.1,0.01,0.88,0.3,0.3,0.0,67.51,0.08,50.52,52.68,74.22,48.52
2018-06-13 07:43:00,1,1,71.74,72.0,68.0,69.65,57.04,71.74,0.2,0.0,0.72,45.0,87.78,0.0,0.0,0.0,120.0,57.04,0.01,0.88,0.3,0.3,0.0,67.54,0.01,50.16,52.7,74.38,47.8
2018-06-13 07:44:00,1,1,72.15,72.0,68.0,69.86,56.97,72.15,0.2,0.0,0.72,45.0,50.87,0.0,0.0,0.0,120.0,56.97,0.01,0.88,0.3,0.3,0.0,67.56,0.0,49.81,52.72,74.57,47.17
2018-06-13 07:45:00,1,1,72.14,72.0,68.0,70.97,55.08,72.14,0.2,0.0,0.72,45.0,50.88,0.0,0.0,0.0,120.0,55.47,397.93,41.96,0.3,0.3,9.75,67.59,1.66,48.37,52.75,79.77,47.01
2018-06-13 07:46:00,1,1,71.25,72.0,68.0,70.78,56.36,71.25,0.2,0.0,0.72,45.0,58.92,0.0,0.0,0.0,120.0,56.02,397.93,41.96,0.3,0.3,9.75,67.61,2.5,48.89,52.77,76.18,48.35
2018-06-13 07:47:00,1,1,70.91,72.0,68.0,69.61,57.09,70.91,0.2,0.0,0.72,45.0,250.0,0.0,0.0,0.0,120.0,57.03,0.01,0.88,0.3,0.3,0.0,67.64,0.67,50.42,52.79,74.27,48.91
2018-06-13 07:48:00,1,1,71.32,72.0,68.0,69.54,57.13,71.32,0.2,0.0,0.72,45.0,250.0,0.0,0.0,0.0,120.0,57.12,0.01,0.88,0.3,0.3,0.0,67.67,0.09,50.39,52.81,74.17,48.24
2018-06-13 07:49:00,1,1,71.78,72.0,68.0,69.74,57.07,71.78,0.2,0.0,0.72,45.0,95.61,0.0,0.0,0.0,120.0,57.07,0.01,0.88,0.3,0.3,0.0,67.69,0.01,50.03,52.83,74.32,47.5
2018-06-13 07:50:00,1,1,72.2,72.0,68.0,69.96,56.99,72.2,0.2,0.0,0.72,45.0,51.93,0.0,0.0,0.0,120.0,56.99,0.01,0.88,0.3,0.3,0.0,67.72,0.0,49.67,52.85,74.51,46.85
2018-06-13 07:51:00,1,1,71.92,72.0,68.0,71.08,55.17,71.92,0.2,0.0,0.72,45.0,54.42,0.0,0.0,0.0,120.0,55.12,397.93,41.96,0.3,0.3,9.75,67.75,2.04,48.15,52.87,79.44,47.09
2018-06-13 07:52:00,1,1,71.05,72.0,68.0,70.65,56.69,71.05,0.2,0.0,0.72,45.0,59.65,0.0,0.0,0.0,120.0,56.42,397.93,41.96,0.3,0.3,9.75,67.77,2.55,48.96,52.89,75.32,48.46
2018-06-13 07:53:00,1,1,71.02,72.0,68.0,69.6,57.13,71.02,0.2,0.0,0.72,45.0,250.0,0.0,0.0,0.0,120.0,57.09,0.01,0.88,0.3,0.3,0.0,67.8,0.41,50.38,52.91,74.17,48.53
2018-06-13 07:54:00,1,1,71.48,72.0,68.0,69.68,57.12,71.48,0.2,0.0,0.72,45.0,250.0,0.0,0.0,0.0,120.0,57.12,0.01,0.88,0.3,0.3,0.0,67.82,0.06,50.18,52.93,74.18,47.78
2018-06-13 07:55:00,1,1,71.96,72.0,68.0,69.91,57.06,71.96,0.2,0.0,0.72,45.0,75.76,0.0,0.0,0.0,120.0,57.06,0.01,0.88,0.3,0.3,0.0,67.85,0.01,49.8,52.94,74.35,47.04
2018-06-13 07:56:00,1,1,72.32,72.0,68.0,70.59,55.96,72.32,0.2,0.0,0.72,45.0,49.22,0.0,0.0,0.0,120.0,56.86,397.91,41.96,0.3,0.3,9.75,67.88,0.75,48.76,52.95,77.41,46.44
2018-06-13 07:57:00,1,1,71.58,72.0,68.0,71.02,55.82,71.58,0.2,0.0,0.72,45.0,57.77,0.0,0.0,0.0,120.0,55.47,397.93,41.96,0.3,0.3,9.75,67.9,2.37,48.19,52.97,77.61,47.44
2018-06-13 07:58:00,1,1,70.89,72.0,68.0,70.12,57.04,70.89,0.2,0.0,0.72,45.0,250.0,0.0,0.0,0.0,120.0,56.9,0.01,0.88,0.3,0.3,0.0,67.93,1.56,49.67,52.98,74.42,48.59
2018-06-13 07:59:00,1,1,71.18,72.0,68.0,69.66,57.21,71.18,0.2,0.0,0.72,45.0,250.0,0.0,0.0,0.0,120.0,57.19,0.01,0.88,0.3,0.3,0.0,67.96,0.21,50.28,52.99,73.98,48.12
2018-06-13 08:00:00,1,1,71.69,72.0,68.0,69.85,57.16,71.69,0.2,0.0,0.72,45.0,161.61,0.0,0.0,0.0,120.0,57.16,0.01,0.88,0.3,0.3,0.0,67.99,0.03,49.94,53.0,74.08,47.31
2018-06-13 08:01:00,1,1,72.17,72.0,68.0,70.1,57.09,72.17,0.2,0.0,0.72,45.0,60.86,0.0,0.0,0.0,120.0,57.09,0.01,0.88,0.3,0.3,0.0,68.03,0.0,49.53,52.96,74.27,46.58
2018-06-13 08:02:00,1,1,71.94,72.0,68.0,71.16,55.21,71.94,0.2,0.0,0.72,45.0,55.62,0.0,0.0,0.0,120.0,55.17,397.93,41.96,0.3,0.3,9.75,68.07,2.04,47.86,52.9,79.33,46.76
2018-06-13 08:03:00,1,1,71.12,72.0,68.0,70.76,56.72,71.12,0.2,0.0,0.72,45.0,59.85,0.0,0.0,0.0,120.0,56.45,397.93,41.96,0.3,0.3,9.75,68.12,2.55,48.6,52.83,75.24,48.07
2018-06-13 08:04:00,1,1,70.97,72.0,68.0,69.81,57.24,70.97,0.2,0.0,0.72,45.0,250.0,0.0,0.0,0.0,120.0,57.19,0.01,0.88,0.3,0.3,0.0,68.16,0.58,50.08,52.76,73.91,48.37
2018-06-13 08:05:00,1,1,71.48,72.0,68.0,69.88,57.24,71.48,0.2,0.0,0.72,45.0,250.0,0.0,0.0,0.0,120.0,57.24,0.01,0.88,0.3,0.3,0.0,68.21,0.08,49.92,52.69,73.89,47.55
2018-06-13 08:06:00,1,1,72.03,72.0,68.0,70.15,57.18,72.03,0.2,0.0,0.72,45.0,88.0,0.0,0.0,0.0,120.0,57.17,0.01,0.88,0.3,0.3,0.0,68.26,0.01,49.46,52.62,74.06,46.73
2018-06-13 08:07:00,1,1,72.15,72.0,68.0,71.17,55.2,72.15,0.2,0.0,0.72,45.0,55.88,0.0,0.0,0.0,120.0,55.63,397.93,41.96,0.3,0.3,9.75,68.3,1.66,47.82,52.54,79.44,46.4
2018-06-13 08:08:00,1,1,71.37,72.0,68.0,70.97,56.42,71.37,0.2,0.0,0.72,45.0,59.66,0.0,0.0,0.0,120.0,56.08,397.93,41.96,0.3,0.3,9.75,68.35,2.5,48.19,52.47,76.02,47.62
2018-06-13 08:09:00,1,1,70.91,72.0,68.0,70.08,57.25,70.91,0.2,0.0,0.72,45.0,250.0,0.0,0.0,0.0,120.0,57.17,0.01,0.88,0.3,0.3,0.0,68.4,1.12,49.66,52.39,73.88,48.43
2018-06-13 08:10:00,1,1,71.37,72.0,68.0,69.97,57.32,71.37,0.2,0.0,0.72,45.0,250.0,0.0,0.0,0.0,120.0,57.31,0.01,0.88,0.3,0.3,0.0,68.45,0.15,49.8,52.32,73.7,47.7
2018-06-13 08:11:00,1,1,71.97,72.0,68.0,70.24,57.26,71.97,0.2,0.0,0.72,45.0,128.89,0.0,0.0,0.0,120.0,57.26,0.01,0.88,0.3,0.3,0.0,68.5,0.02,49.34,52.24,73.85,46.8
2018-06-13 08:12:00,1,1,72.15,72.0,68.0,71.23,55.26,72.15,0.2,0.0,0.72,45.0,61.42,0.0,0.0,0.0,120.0,55.7,397.93,41.96,0.3,0.3,9.75,68.54,1.66,47.74,52.16,79.29,46.41
2018-06-13 08:13:00,1,1,71.41,72.0,68.0,71.04,56.45,71.41,0.2,0.0,0.72,45.0,60.43,0.0,0.0,0.0,120.0,56.12,397.93,41.96,0.3,0.3,9.75,68.59,2.5,48.11,52.08,75.95,47.57
2018-06-13 08:14:00,1,1,70.92,72.0,68.0,70.24,57.3,70.92,0.2,0.0,0.72,45.0,250.0,0.0,0.0,0.0,120.0,57.22,0.01,0.88,0.3,0.3,0.0,68.64,1.33,49.44,52.0,73.77,48.44
2018-06-13 08:15:00,1,1,71.4,72.0,68.0,70.11,57.38,71.4,0.2,0.0,0.72,45.0,250.0,0.0,0.0,0.0,120.0,57.37,0.01,0.88,0.3,0.3,0.0,68.69,0.18,49.62,51.92,73.57,47.71
2018-06-13 08:16:00,1,1,72.03,72.0,68.0,70.4,57.32,72.03,0.2,0.0,0.72,45.0,144.3,0.0,0.0,0.0,120.0,57.32,0.01,0.88,0.3,0.3,0.0,68.74,0.02,49.14,51.84,73.71,46.76
2018-06-13 08:17:00,1,1,72.15,72.0,68.0,71.37,55.27,72.15,0.2,0.0,0.72,45.0,64.78,0.0,0.0,0.0,120.0,55.53,397.93,41.96,0.3,0.3,9.75,68.79,1.81,47.58,51.76,79.23,46.45
2018-06-13 08:18:00,1,1,71.44,72.0,68.0,71.1,56.62,71.44,0.2,0.0,0.72,45.0,61.05,0.0,0.0,0.0,120.0,56.3,397.93,41.96,0.3,0.3,9.75,68.84,2.52,48.08,51.67,75.51,47.6
2018-06-13 08:19:00,1,1,70.94,72.0,68.0,70.41,57.39,70.94,0.2,0.0,0.72,45.0,250.0,0.0,0.0,0.0,120.0,57.32,0.01,0.88,0.3,0.3,0.0,68.89,1.58,49.26,51.59,73.54,48.51
2018-06-13 08:20:00,1,1,71.42,72.0,68.0,70.25,57.46,71.42,0.2,0.0,0.72,45.0,250.0,0.0,0.0,0.0,120.0,57.45,0.01,0.88,0.3,0.3,0.0,68.94,0.21,49.47,51.51,73.36,47.79
2018-06-13 08:21:00,1,1,72.1,72.0,68.0,70.55,57.4,72.1,0.2,0.0,0.72,45.0,162.62,0.0,0.0,0.0,120.0,57.4,0.01,0.88,0.3,0.3,0.0,68.99,0.03,48.96,51.42,73.5,46.78
2018-06-13 08:22:00,1,1,72.06,72.0,68.0,71.45,55.39,72.06,0.2,0.0,0.72,45.0,69.47,0.0,0.0,0.0,120.0,55.38,397.93,41.96,0.3,0.3,9.75,69.04,2.05,47.56,51.34,78.83,46.71
2018-06-13 08:23:00,1,1,71.38,72.0,68.0,71.1,56.87,71.38,0.2,0.0,0.72,45.0,61.88,0.0,0.0,0.0,120.0,56.59,397.93,41.96,0.3,0.3,9.75,69.09,2.55,48.23,51.25,74.87,47.84
2018-06-13 08:24:00,1,1,70.94,72.0,68.0,70.48,57.48,70.94,0.2,0.0,0.72,45.0,250.0,0.0,0.0,0.0,120.0,57.42,0.01,0.88,0.3,0.3,0.0,69.14,1.58,49.28,51.17,73.33,48.66
2018-06-13 08:25:00,1,1,71.48,72.0,68.0,70.39,57.52,71.48,0.2,0.0,0.72,45.0,250.0,0.0,0.0,0.0,120.0,57.51,0.01,0.88,0.3,0.3,0.0,69.19,0.21,49.33,51.08,73.23,47.87
2018-06-13 08:26:00,1,1,72.21,72.0,68.0,70.73,57.46,72.21,0.2,0.0,0.72,45.0,162.82,0.0,0.0,0.0,120.0,57.45,0.01,0.88,0.3,0.3,0.0,69.24,0.03,48.77,50.99,73.38,46.8
2018-06-13 08:27:00,1,1,71.98,72.0,68.0,71.51,55.63,71.98,0.2,0.0,0.72,45.0,71.32,0.0,0.0,0.0,120.0,55.43,397.93,41.96,0.3,0.3,9.75,69.3,2.21,47.63,50.91,78.14,47.0
2018-06-13 08:28:00,1,1,71.36,72.0,68.0,71.12,57.09,71.36,0.2,0.0,0.72,45.0,62.27,0.0,0.0,0.0,120.0,56.86,397.93,41.96,0.3,0.3,9.75,69.35,2.57,48.39,50.82,74.31,48.08
2018-06-13 08:29:00,1,1,70.98,72.0,68.0,70.57,57.56,70.98,0.2,0.0,0.72,45.0,250.0,0.0,0.0,0.0,120.0,57.52,0.01,0.88,0.3,0.3,0.0,69.4,1.59,49.29,50.73,73.14,48.83
2018-06-13 08:30:00,1,1,71.56,72.0,68.0,70.56,57.57,71.56,0.2,0.0,0.72,45.0,250.0,0.0,0.0,0.0,120.0,57.57,0.01,0.88,0.3,0.3,0.0,69.45,0.21,49.19,50.64,73.1,47.96
2018-06-13 08:31:00,1,1,72.31,72.0,68.0,71.09,56.96,72.31,0.2,0.0,0.72,45.0,163.08,0.0,0.0,0.0,120.0,57.51,395.25,41.69,0.3,0.3,9.75,69.5,0.43,48.37,50.55,74.73,46.86
2018-06-13 08:32:00,1,1,71.93,72.0,68.0,71.55,55.94,71.93,0.2,0.0,0.72,45.0,72.81,0.0,0.0,0.0,120.0,55.64,397.93,41.96,0.3,0.3,9.75,69.55,2.33,47.79,50.47,77.3,47.32
2018-06-13 08:33:00,1,1,71.35,72.0,68.0,71.15,57.28,71.35,0.2,0.0,0.72,45.0,62.57,0.0,0.0,0.0,120.0,57.09,397.93,41.96,0.3,0.3,9.75,69.61,2.59,48.57,50.38,73.83,48.34
2018-06-13 08:34:00,1,1,70.98,72.0,68.0,70.7,57.63,70.98,0.2,0.0,0.72,45.0,250.0,0.0,0.0,0.0,120.0,57.6,0.03,0.88,0.3,0.3,0.0,69.66,1.88,49.33,50.29,72.97,49.09
2018-06-13 08:35:00,1,1,71.56,72.0,68.0,70.69,57.63,71.56,0.2,0.0,0.72,45.0,250.0,0.0,0.0,0.0,120.0,57.62,0.01,0.88,0.3,0.3,0.0,69.71,0.25,49.14,50.2,72.97,48.24
2018-06-13 08:36:00,1,1,72.32,72.0,68.0,71.35,56.47,72.32,0.2,0.0,0.72,45.0,184.74,0.0,0.0,0.0,120.0,57.43,397.91,41.96,0.3,0.3,9.75,69.76,0.78,48.16,50.11,76.1,47.09
2018-06-13 08:37:00,1,1,71.91,72.0,68.0,71.59,56.12,71.91,0.2,0.0,0.72,45.0,76.37,0.0,0.0,0.0,120.0,55.8,397.93,41.96,0.3,0.3,9.75,69.82,2.38,47.97,50.02,76.81,47.63
2018-06-13 08:38:00,1,1,71.39,72.0,68.0,71.22,57.39,71.39,0.2,0.0,0.72,45.0,63.11,0.0,0.0,0.0,120.0,57.22,397.93,41.96,0.3,0.3,9.75,69.87,2.59,48.74,49.93,73.58,48.59
2018-06-13 08:39:00,1,1,71.01,72.0,68.0,70.89,57.68,71.01,0.2,0.0,0.72,45.0,61.25,0.0,0.0,0.0,120.0,57.66,397.93,41.96,0.3,0.3,9.75,69.92,2.62,49.41,49.84,72.85,49.36
2018-06-13 08:40:00,1,1,71.41,72.0,68.0,70.76,57.67,71.41,0.2,0.0,0.72,45.0,250.0,0.0,0.0,0.0,120.0,57.67,0.01,0.88,0.3,0.3,0.0,69.97,0.42,49.25,49.75,72.87,48.81
2018-06-13 08:41:00,1,1,72.27,72.0,68.0,71.16,57.6,72.27,0.2,0.0,0.72,45.0,250.0,0.0,0.0,0.0,120.0,57.6,0.01,0.88,0.3,0.3,0.0,70.03,0.06,48.56,49.67,73.03,47.55
2018-06-13 08:42:00,1,1,72.07,72.0,68.0,71.75,55.9,72.07,0.2,0.0,0.72,45.0,87.49,0.0,0.0,0.0,120.0,55.64,397.93,41.96,0.3,0.3,9.75,70.08,2.28,48.0,49.58,77.41,47.7
2018-06-13 08:43:00,1,1,71.57,72.0,68.0,71.4,57.31,71.57,0.2,0.0,0.72,45.0,64.64,0.0,0.0,0.0,120.0,57.1,397.93,41.96,0.3,0.3,9.75,70.13,2.58,48.73,49.49,73.76,48.63
2018-06-13 08:44:00,1,1,71.19,72.0,68.0,71.08,57.73,71.19,0.2,0.0,0.72,45.0,61.55,0.0,0.0,0.0,120.0,57.7,397.93,41.96,0.3,0.3,9.75,70.19,2.62,49.39,49.4,72.73,49.39
2018-06-13 08:45:00,1,1,71.06,72.0,68.0,70.81,57.74,71.06,0.2,0.0,0.72,45.0,250.0,0.0,0.0,0.0,120.0,57.74,0.01,0.88,0.3,0.3,0.0,70.24,1.35,49.63,49.31,72.71,49.75
2018-06-13 08:46:00,1,1,71.85,72.0,68.0,71.09,57.68,71.85,0.2,0.0,0.72,45.0,250.0,0.0,0.0,0.0,120.0,57.68,0.01,0.88,0.3,0.3,0.0,70.29,0.18,48.9,49.22,72.85,48.57
2018-06-13 08:47:00,1,1,72.28,72.0,68.0,71.84,55.56,72.28,0.2,0.0,0.72,45.0,151.98,0.0,0.0,0.0,120.0,55.83,397.93,41.96,0.3,0.3,9.75,70.34,1.83,48.06,49.14,78.42,47.79
2018-06-13 08:48:00,1,1,71.81,72.0,68.0,71.63,56.89,71.81,0.2,0.0,0.72,45.0,73.13,0.0,0.0,0.0,120.0,56.57,397.93,41.96,0.3,0.3,9.75,70.4,2.52,48.65,49.05,74.84,48.59
2018-06-13 08:49:00,1,1,71.42,72.0,68.0,71.31,57.7,71.42,0.2,0.0,0.72,45.0,62.79,0.0,0.0,0.0,120.0,57.61,397.93,41.96,0.3,0.3,9.75,70.45,2.61,49.33,48.96,72.82,49.37
2018-06-13 08:50:00,1,1,71.14,72.0,68.0,71.07,57.81,71.14,0.2,0.0,0.72,45.0,61.29,0.0,0.0,0.0,120.0,57.81,397.93,41.96,0.3,0.3,9.75,70.5,2.63,49.87,48.88,72.55,49.99
2018-06-13 08:51:00,1,1,71.07,72.0,68.0,70.91,57.76,71.07,0.2,0.0,0.72,45.0,250.0,0.0,0.0,0.0,120.0,57.76,0.01,0.88,0.3,0.3,0.0,70.56,1.35,49.83,48.79,72.66,50.24
2018-06-13 08:52:00,1,1,71.92,72.0,68.0,71.28,57.69,71.92,0.2,0.0,0.72,45.0,250.0,0.0,0.0,0.0,120.0,57.69,0.01,0.88,0.3,0.3,0.0,70.61,0.18,48.88,48.7,72.82,48.97
2018-06-13 08:53:00,1,1,72.29,72.0,68.0,71.96,55.62,72.29,0.2,0.0,0.72,45.0,153.35,0.0,0.0,0.0,120.0,55.72,397.93,41.96,0.3,0.3,9.75,70.66,1.96,48.31,48.62,78.24,48.25
2018-06-13 08:54:00,1,1,71.86,72.0,68.0,71.72,57.06,71.86,0.2,0.0,0.72,45.0,73.47,0.0,0.0,0.0,120.0,56.76,397.93,41.96,0.3,0.3,9.75,70.72,2.54,48.97,48.53,74.41,49.01
2018-06-13 08:55:00,1,1,71.52,72.0,68.0,71.43,57.79,71.52,0.2,0.0,0.72,45.0,62.9,0.0,0.0,0.0,120.0,57.71,397.93,41.96,0.3,0.3,9.75,70.77,2.62,49.59,48.45,72.61,49.72
2018-06-13 08:56:00,1,1,71.27,72.0,68.0,71.22,57.88,71.27,0.2,0.0,0.72,45.0,61.38,0.0,0.0,0.0,120.0,57.88,397.93,41.96,0.3,0.3,9.75,70.82,2.63,50.09,48.37,72.38,50.29
2018-06-13 08:57:00,1,1,71.08,72.0,68.0,71.06,57.83,71.08,0.2,0.0,0.72,45.0,61.09,0.0,0.0,0.0,120.0,57.84,397.93,41.96,0.3,0.3,9.75,70.88,2.63,50.5,48.28,72.5,50.76
2018-06-13 08:58:00,1,1,71.22,72.0,68.0,71.09,57.77,71.22,0.2,0.0,0.72,45.0,250.0,0.0,0.0,0.0,120.0,57.77,0.01,0.88,0.3,0.3,0.0,70.93,0.97,49.83,48.2,72.64,50.67
2018-06-13 08:59:00,1,1,72.19,72.0,68.0,71.59,57.7,72.19,0.2,0.0,0.72,45.0,250.0,0.0,0.0,0.0,120.0,57.7,0.01,0.88,0.3,0.3,0.0,70.98,0.13,48.72,48.12,72.8,49.2
2018-06-13 09:00:00,1,1,72.26,72.0,68.0,72.05,55.93,72.26,0.2,0.0,0.72,45.0,127.95,0.0,0.0,0.0,120.0,55.72,397.93,41.96,0.3,0.3,9.75,71.04,2.23,48.77,48.03,77.33,48.91
2018-06-13 09:01:00,1,1,71.88,72.0,68.0,71.78,57.41,71.88,0.2,0.0,0.72,45.0,70.27,0.0,0.0,0.0,120.0,57.17,397.93,41.96,0.3,0.3,9.75,71.09,2.57,49.46,47.97,73.53,49.64
2018-06-13 09:02:00,1,1,71.59,72.0,68.0,71.54,57.92,71.59,0.2,0.0,0.72,45.0,62.54,0.0,0.0,0.0,120.0,57.87,397.93,41.96,0.3,0.3,9.75,71.14,2.62,50.02,47.92,72.29,50.26
2018-06-13 09:03:00,1,1,71.38,72.0,68.0,71.36,57.96,71.38,0.2,0.0,0.72,45.0,61.4,0.0,0.0,0.0,120.0,57.96,397.93,41.96,0.3,0.3,9.75,71.2,2.63,50.46,47.87,72.2,50.77
2018-06-13 09:04:00,1,1,71.21,72.0,68.0,71.22,57.9,71.21,0.2,0.0,0.72,45.0,61.17,0.0,0.0,0.0,120.0,57.91,397.93,41.96,0.3,0.3,9.75,71.25,2.63,50.84,47.82,72.32,51.2
2018-06-13 09:05:00,1,1,71.08,72.0,68.0,71.11,57.84,71.08,0.2,0.0,0.72,45.0,61.08,0.0,0.0,0.0,120.0,57.85,397.93,41.96,0.3,0.3,9.75,71.3,2.63,51.16,47.77,72.46,51.57
2018-06-13 09:06:00,1,1,71.03,72.0,68.0,71.09,57.79,71.03,0.2,0.0,0.72,45.0,250.0,0.0,0.0,0.0,120.0,57.8,0.03,0.88,0.3,0.3,0.0,71.36,1.88,50.92,47.72,72.57,51.8
2018-06-13 09:07:00,1,1,71.9,72.0,68.0,71.64,57.74,71.9,0.2,0.0,0.72,45.0,250.0,0.0,0.0,0.0,120.0,57.74,0.01,0.88,0.3,0.3,0.0,71.41,0.25,49.24,47.67,72.7,50.47
